,player_name,pitcher,pitch_type,PitchesThrown,release_speed,pfx_x,pfx_z
0,A.J. Minter,621345,CH,18,86.2,1.5,0.5
1,A.J. Minter,621345,FC,85,89.4,-0.4,0.5
2,A.J. Minter,621345,FF,73,94.4,0.5,1.5
3,A.J. Puk,640462,FF,97,96.4,0.9,1.2
4,A.J. Puk,640462,SI,2,95.8,1.5,0.5
5,A.J. Puk,640462,SL,56,85.5,-0.4,-0.1
6,A.J. Puk,640462,ST,1,82.8,-0.7,-0.0
7,AJ Smith-Shawver,700363,CU,49,77.6,0.7,-0.9
8,AJ Smith-Shawver,700363,FF,92,94.6,-0.9,1.5
9,AJ Smith-Shawver,700363,FS,89,83.2,-1.1,0.5
10,AJ Smith-Shawver,700363,SL,20,87.0,0.1,0.8
11,Aaron Bummer,607481,CU,41,81.3,-1.1,-0.8
12,Aaron Bummer,607481,FF,27,92.1,0.7,0.9
13,Aaron Bummer,607481,SI,59,91.1,1.2,0.1
14,Aaron Bummer,607481,ST,57,81.2,-1.3,-0.1
15,Aaron Civale,650644,CU,7,77.4,1.0,-1.4
16,Aaron Civale,650644,FC,30,88.5,0.3,1.2
17,Aaron Civale,650644,FF,7,91.5,-0.8,1.7
18,Aaron Civale,650644,FS,3,85.3,-1.3,0.5
19,Aaron Civale,650644,SI,15,91.4,-1.5,1.0
20,Aaron Civale,650644,ST,6,80.6,1.2,0.5
21,Aaron Nola,605400,CH,77,84.2,-1.3,0.3
22,Aaron Nola,605400,CU,138,77.8,1.2,-0.8
23,Aaron Nola,605400,FC,38,85.8,-0.1,0.7
24,Aaron Nola,605400,FF,114,91.1,-1.2,1.3
25,Aaron Nola,605400,SI,118,90.0,-1.5,0.8
26,Abner Uribe,682842,FF,1,99.3,-0.3,1.0
27,Abner Uribe,682842,SI,96,98.6,-1.1,0.6
28,Abner Uribe,682842,SL,58,86.9,0.8,0.4
29,Adam Ottavino,493603,FC,3,86.9,0.7,0.5
30,Adam Ottavino,493603,FF,10,93.1,-0.9,1.4
31,Adam Ottavino,493603,SI,15,92.3,-1.5,0.5
32,Adam Ottavino,493603,ST,14,78.7,1.4,0.3
33,Adrian Morejon,670970,FC,25,93.8,-0.2,1.1
34,Adrian Morejon,670970,FF,15,95.8,0.5,1.5
35,Adrian Morejon,670970,FS,5,86.3,0.7,-0.3
36,Adrian Morejon,670970,SI,102,97.1,1.3,0.9
37,Adrian Morejon,670970,SL,20,87.2,-0.5,-0.1
38,Albert Suarez,544150,CH,4,85.0,-1.4,0.7
39,Albert Suarez,544150,CU,2,78.3,0.4,-0.4
40,Albert Suarez,544150,FC,12,85.4,0.1,0.8
41,Albert Suarez,544150,FF,17,93.0,-0.5,1.4
42,Albert Suarez,544150,SV,4,80.1,0.6,-0.0
43,Alek Jacob,689690,CH,82,74.5,-1.8,0.2
44,Alek Jacob,689690,FF,85,85.6,-1.2,1.2
45,Alek Jacob,689690,SI,39,84.1,-1.6,0.4
46,Alek Jacob,689690,ST,32,72.1,1.0,0.7
47,Alex Vesia,681911,CH,8,84.2,1.1,0.9
48,Alex Vesia,681911,FF,127,92.2,0.5,1.8
49,Alex Vesia,681911,SL,99,83.7,-0.6,0.3
50,Alexis Diaz,664747,FF,65,92.9,-0.9,1.3
51,Alexis Diaz,664747,SL,21,87.2,0.2,0.5
52,Andre Pallante,669467,CU,42,78.0,0.3,-1.4
53,Andre Pallante,669467,FF,240,93.7,-0.1,0.9
54,Andre Pallante,669467,SI,49,94.3,-0.9,1.2
55,Andre Pallante,669467,SL,110,86.6,0.4,-0.2
56,Andres Munoz,662253,CH,3,91.2,-1.0,0.1
57,Andres Munoz,662253,FF,75,98.6,-0.9,1.1
58,Andres Munoz,662253,SI,29,98.3,-1.5,0.5
59,Andres Munoz,662253,SL,89,87.3,0.4,-0.0
60,Andrew Abbott,671096,CH,55,83.9,1.2,0.7
61,Andrew Abbott,671096,CU,45,80.0,-0.8,-0.1
62,Andrew Abbott,671096,FC,10,88.0,0.3,0.9
63,Andrew Abbott,671096,FF,126,91.2,0.7,1.4
64,Andrew Abbott,671096,ST,22,81.8,-1.0,0.4
65,Andrew Heaney,571760,CH,99,81.9,1.5,0.5
66,Andrew Heaney,571760,CS,29,72.5,-0.9,-0.7
67,Andrew Heaney,571760,CU,31,78.9,-0.8,-0.2
68,Andrew Heaney,571760,FF,201,90.0,1.4,1.1
69,Andrew Heaney,571760,SI,37,89.7,1.7,0.3
70,Andrew Heaney,571760,SL,61,79.9,-0.3,-0.1
71,Angel Chivilli,683409,CH,97,88.5,-1.0,0.6
72,Angel Chivilli,683409,FF,116,96.7,-1.2,0.8
73,Angel Chivilli,683409,SL,25,90.6,-0.2,0.3
74,Angel Perdomo,622780,CH,3,90.3,1.3,0.8
75,Angel Perdomo,622780,FF,48,92.6,0.2,1.4
76,Angel Perdomo,622780,SL,21,83.4,-0.7,0.1
77,Angel Zerpa,672582,CH,5,89.8,1.1,0.7
78,Angel Zerpa,672582,FF,35,95.1,0.7,1.0
79,Angel Zerpa,672582,SI,66,95.7,1.3,0.4
80,Angel Zerpa,672582,SL,61,83.0,-0.7,-0.7
81,Anthony Banda,607455,FF,84,95.4,0.9,1.3
82,Anthony Banda,607455,SI,15,95.3,1.3,0.8
83,Anthony Banda,607455,SL,83,85.9,-0.4,-0.1
84,Anthony Bender,669622,CH,12,88.7,-1.5,-0.1
85,Anthony Bender,669622,FF,13,95.9,-1.1,1.1
86,Anthony Bender,669622,SI,39,96.0,-1.6,0.3
87,Anthony Bender,669622,SL,37,87.3,0.4,-0.1
88,Anthony Bender,669622,ST,56,84.8,1.1,0.2
89,Anthony Veneziano,685107,CH,15,87.3,1.4,0.5
90,Anthony Veneziano,685107,FF,83,94.4,0.7,1.2
91,Anthony Veneziano,685107,SL,68,86.6,-0.3,0.2
92,Anthony Veneziano,685107,ST,38,82.3,-1.2,0.0
93,Antonio Senzatela,622608,CH,50,86.6,-0.7,0.6
94,Antonio Senzatela,622608,CU,22,79.3,0.5,-0.6
95,Antonio Senzatela,622608,FF,240,94.3,-0.3,0.9
96,Antonio Senzatela,622608,SI,17,92.8,-0.8,1.0
97,Antonio Senzatela,622608,SL,93,86.4,0.4,0.3
98,Aroldis Chapman,547973,FF,96,98.5,0.3,1.6
99,Aroldis Chapman,547973,FS,10,91.4,0.4,0.5
100,Aroldis Chapman,547973,SI,29,100.4,0.9,1.5
101,Aroldis Chapman,547973,SL,15,86.9,-0.7,0.6
102,Bailey Falter,663559,CU,75,77.1,-0.3,-0.2
103,Bailey Falter,663559,FF,151,91.5,0.3,1.6
104,Bailey Falter,663559,FS,10,85.3,0.3,1.2
105,Bailey Falter,663559,SI,85,91.5,0.6,1.5
106,Bailey Falter,663559,SL,81,84.8,-0.4,0.5
107,Bailey Horn,690544,FC,3,88.0,-0.4,0.3
108,Bailey Horn,690544,FF,8,95.2,0.6,1.4
109,Bailey Horn,690544,ST,5,84.0,-1.2,0.3
110,Bailey Ober,641927,CH,100,83.3,-1.5,0.5
111,Bailey Ober,641927,CU,20,75.5,0.6,-0.7
112,Bailey Ober,641927,FF,152,90.7,-0.6,1.4
113,Bailey Ober,641927,SI,12,91.1,-1.2,1.0
114,Bailey Ober,641927,SL,86,83.5,0.4,0.4
115,Bailey Ober,641927,ST,28,79.0,1.0,0.1
116,Beau Brieske,689225,CH,35,89.7,-1.2,0.5
117,Beau Brieske,689225,FF,74,95.5,-0.3,1.6
118,Beau Brieske,689225,SI,14,94.9,-1.1,1.3
119,Beau Brieske,689225,SL,18,87.9,0.3,0.2
120,Ben Brown,676962,CH,11,91.8,-1.1,1.0
121,Ben Brown,676962,CU,159,86.2,0.3,-0.3
122,Ben Brown,676962,FF,233,95.4,-0.6,1.4
123,Ben Casparius,676508,CU,31,79.7,0.9,-1.2
124,Ben Casparius,676508,FC,49,91.6,0.5,0.5
125,Ben Casparius,676508,FF,112,95.8,-0.2,1.5
126,Ben Casparius,676508,SL,95,84.6,1.2,-0.1
127,Ben Joyce,690829,CH,1,91.3,-0.6,-0.2
128,Ben Joyce,690829,FF,35,101.1,-0.7,1.0
129,Ben Joyce,690829,SI,32,94.8,-1.2,0.4
130,Ben Joyce,690829,SL,2,83.4,0.9,-0.4
131,Ben Lively,594902,CH,26,84.7,-1.2,0.7
132,Ben Lively,594902,CU,35,77.4,0.6,-0.4
133,Ben Lively,594902,FC,29,84.5,-0.2,1.1
134,Ben Lively,594902,FF,130,89.6,-0.7,1.4
135,Ben Lively,594902,SI,103,90.2,-1.2,1.1
136,Ben Lively,594902,SL,11,83.0,0.1,1.1
137,Ben Lively,594902,ST,82,79.7,0.7,0.2
138,Bennett Sousa,656986,FF,39,94.7,0.3,1.4
139,Bennett Sousa,656986,SI,2,94.9,0.9,1.3
140,Bennett Sousa,656986,SL,27,85.5,-0.2,0.1
141,Blake Snell,605483,CH,36,86.2,1.0,0.9
142,Blake Snell,605483,CU,43,81.2,-1.1,-0.4
143,Blake Snell,605483,FF,78,94.8,0.4,1.5
144,Blake Snell,605483,SL,15,88.6,-0.1,0.7
145,Blake Treinen,595014,FC,12,91.8,0.0,0.8
146,Blake Treinen,595014,FF,18,94.5,-0.9,1.2
147,Blake Treinen,595014,SI,46,95.8,-1.5,0.4
148,Blake Treinen,595014,ST,69,84.0,1.3,-0.1
149,Bobby Miller,676272,CH,10,86.3,-1.5,0.7
150,Bobby Miller,676272,CU,26,78.8,0.7,-1.2
151,Bobby Miller,676272,FF,29,97.6,-0.7,1.4
152,Bobby Miller,676272,SI,12,97.6,-1.1,1.3
153,Bobby Miller,676272,SL,7,89.8,0.5,0.2
154,Bowden Francis,670102,CU,60,73.0,1.3,-0.6
155,Bowden Francis,670102,FF,254,92.3,-0.6,1.6
156,Bowden Francis,670102,FS,105,81.8,-0.9,0.5
157,Bowden Francis,670102,SI,6,91.5,-1.0,1.5
158,Bowden Francis,670102,SL,8,81.9,0.4,0.1
159,Brad Keller,641745,CH,20,92.1,-0.9,0.5
160,Brad Keller,641745,FF,87,97.0,-0.1,1.3
161,Brad Keller,641745,SI,18,96.5,-1.1,0.9
162,Brad Keller,641745,SL,55,87.1,0.5,-0.3
163,Brad Keller,641745,ST,20,85.7,1.3,0.3
164,Brad Lord,695418,CH,10,87.3,-1.4,0.3
165,Brad Lord,695418,FF,128,95.2,-1.2,0.8
166,Brad Lord,695418,SI,44,95.3,-1.4,0.3
167,Brad Lord,695418,SL,37,85.6,0.1,-0.0
168,Bradley Blalock,687134,CU,9,81.5,0.2,-1.1
169,Bradley Blalock,687134,FC,3,90.2,0.5,0.4
170,Bradley Blalock,687134,FF,23,96.0,-0.2,1.5
171,Bradley Blalock,687134,FS,12,87.8,-1.0,0.5
172,Bradley Blalock,687134,SL,10,86.0,0.3,-0.3
173,Brady Singer,663903,FC,56,88.2,0.0,0.8
174,Brady Singer,663903,FF,53,91.7,-0.6,1.4
175,Brady Singer,663903,SI,191,92.1,-1.4,1.0
176,Brady Singer,663903,SL,143,82.1,0.4,-0.1
177,Brady Singer,663903,ST,11,80.6,0.9,0.3
178,Brandon Eisert,685126,CH,51,83.0,1.1,0.3
179,Brandon Eisert,685126,FF,35,89.3,0.8,1.3
180,Brandon Eisert,685126,SI,20,87.6,1.5,0.9
181,Brandon Eisert,685126,SL,79,84.8,-0.3,0.4
182,Brandon Pfaadt,694297,CH,99,87.5,-1.4,0.4
183,Brandon Pfaadt,694297,CU,66,83.7,0.7,-0.4
184,Brandon Pfaadt,694297,FF,128,93.2,-0.5,1.4
185,Brandon Pfaadt,694297,SI,79,93.2,-1.2,0.6
186,Brandon Pfaadt,694297,ST,75,84.5,1.0,0.5
187,Brandon Young,687064,CH,17,87.4,-1.0,0.6
188,Brandon Young,687064,CU,18,76.7,1.1,-1.2
189,Brandon Young,687064,FC,22,86.4,0.4,0.4
190,Brandon Young,687064,FF,24,93.8,-0.3,1.5
191,Brant Hurter,676428,CH,29,85.1,1.3,0.0
192,Brant Hurter,676428,FF,7,91.1,0.4,0.9
193,Brant Hurter,676428,SI,88,92.0,1.5,0.4
194,Brant Hurter,676428,ST,59,81.7,-0.9,0.1
195,Brayan Bello,678394,CH,17,89.0,-1.4,0.5
196,Brayan Bello,678394,FF,6,95.4,-0.7,1.1
197,Brayan Bello,678394,SI,38,95.1,-1.4,0.3
198,Brayan Bello,678394,SL,36,85.7,1.0,-0.4
199,Brenan Hanifee,669724,CH,7,90.2,-1.3,0.1
200,Brenan Hanifee,669724,FF,11,96.4,-1.0,1.1
201,Brenan Hanifee,669724,SI,124,95.4,-1.4,0.4
202,Brenan Hanifee,669724,SL,43,88.3,0.2,0.1
203,Brendon Little,663893,CU,85,86.6,-0.2,-0.6
204,Brendon Little,663893,FC,15,92.9,0.1,0.6
205,Brendon Little,663893,SI,98,93.4,1.3,-0.2
206,Brennan Bernardino,657514,CH,38,80.9,1.3,0.0
207,Brennan Bernardino,657514,CU,26,80.1,-1.5,0.0
208,Brennan Bernardino,657514,FC,34,86.6,-0.2,0.4
209,Brennan Bernardino,657514,SI,39,91.3,1.4,0.4
210,Brennan Bernardino,657514,SL,3,83.7,-0.2,0.1
211,Brent Headrick,687396,FF,62,93.2,0.7,1.6
212,Brent Headrick,687396,FS,11,83.4,1.0,0.2
213,Brent Headrick,687396,SL,12,81.2,-0.4,0.3
214,Brent Suter,608718,CH,29,75.1,0.8,1.0
215,Brent Suter,608718,FF,60,85.6,-0.4,1.1
216,Brent Suter,608718,SI,43,87.6,0.9,1.1
217,Brent Suter,608718,SL,24,77.7,-0.6,-0.4
218,Brock Burke,656271,CH,36,88.7,1.3,0.4
219,Brock Burke,656271,FF,95,95.7,0.7,1.3
220,Brock Burke,656271,SI,9,94.2,1.3,0.8
221,Brock Burke,656271,SL,32,86.9,0.0,0.3
222,Brock Stewart,592779,CH,3,89.3,-1.0,0.1
223,Brock Stewart,592779,FC,5,93.3,0.1,0.8
224,Brock Stewart,592779,FF,20,95.5,-0.4,1.3
225,Brock Stewart,592779,SI,1,95.9,-1.1,0.5
226,Brock Stewart,592779,ST,3,85.4,1.2,0.3
227,Bryan Abreu,650556,CH,1,91.7,-1.4,0.6
228,Bryan Abreu,650556,FF,109,97.5,-0.6,1.4
229,Bryan Abreu,650556,SL,111,86.3,0.7,-0.5
230,Bryan Baker,641329,CH,35,85.3,-1.3,0.6
231,Bryan Baker,641329,FF,62,96.9,-0.4,1.6
232,Bryan Baker,641329,SL,54,87.8,0.6,0.4
233,Bryan Hudson,663542,CH,3,86.2,1.3,0.1
234,Bryan Hudson,663542,FC,2,84.0,0.2,0.4
235,Bryan Hudson,663542,FF,129,90.3,0.8,1.1
236,Bryan Hudson,663542,SI,17,89.2,1.2,0.3
237,Bryan Hudson,663542,ST,33,79.9,-1.3,-0.3
238,Bryan King,687911,CH,2,88.6,1.1,0.3
239,Bryan King,687911,FF,101,91.8,0.3,1.3
240,Bryan King,687911,SI,7,90.5,1.0,0.6
241,Bryan King,687911,ST,59,79.6,-1.5,0.2
242,Bryan Woo,693433,CH,44,89.7,-1.4,0.5
243,Bryan Woo,693433,FF,203,95.7,-0.7,1.3
244,Bryan Woo,693433,SI,112,95.3,-1.3,0.5
245,Bryan Woo,693433,SL,54,88.2,0.3,0.4
246,Bryan Woo,693433,ST,31,84.5,0.9,0.3
247,Bryce Elder,693821,CH,43,86.4,-1.1,0.4
248,Bryce Elder,693821,FF,43,91.6,-0.3,1.3
249,Bryce Elder,693821,SI,133,91.1,-1.2,0.8
250,Bryce Elder,693821,SL,133,84.4,0.1,0.1
251,Bryce Jarvis,686826,CH,25,82.3,-1.5,0.4
252,Bryce Jarvis,686826,FC,7,88.4,-0.1,0.5
253,Bryce Jarvis,686826,FF,39,94.3,-0.9,1.2
254,Bryce Jarvis,686826,SI,24,93.3,-1.3,0.9
255,Bryce Jarvis,686826,SL,30,85.0,0.5,-0.0
256,Bryce Miller,682243,CU,60,83.5,0.3,-0.9
257,Bryce Miller,682243,FC,2,92.3,-0.3,1.6
258,Bryce Miller,682243,FF,185,94.5,-0.5,1.6
259,Bryce Miller,682243,FS,66,83.3,-0.9,0.3
260,Bryce Miller,682243,SI,80,94.2,-1.3,1.1
261,Bryce Miller,682243,SL,39,85.0,0.2,0.0
262,Bryce Miller,682243,ST,29,83.2,1.3,-0.6
263,Bryse Wilson,669060,CH,67,85.6,-1.5,0.3
264,Bryse Wilson,669060,CU,52,79.5,1.4,-0.2
265,Bryse Wilson,669060,FC,64,88.0,0.2,0.8
266,Bryse Wilson,669060,FF,34,91.9,-0.7,1.3
267,Bryse Wilson,669060,SI,55,92.2,-1.4,0.7
268,Cade Gibson,806188,CH,11,86.2,1.1,0.0
269,Cade Gibson,806188,CU,9,80.1,-1.1,-1.4
270,Cade Gibson,806188,SI,4,93.6,1.4,0.6
271,Cade Gibson,806188,SL,7,87.1,-0.2,0.4
272,Cade Gibson,806188,ST,3,82.0,-1.2,-0.3
273,Cade Povich,700249,CH,61,83.5,0.8,0.5
274,Cade Povich,700249,CU,73,78.0,-0.9,-1.2
275,Cade Povich,700249,FF,156,92.2,0.8,1.5
276,Cade Povich,700249,SI,49,91.7,1.3,1.0
277,Cade Povich,700249,ST,90,82.2,-0.8,0.1
278,Cade Smith,671922,FF,143,95.7,-0.7,1.4
279,Cade Smith,671922,FS,27,89.0,-1.0,0.0
280,Cade Smith,671922,ST,23,84.9,1.0,0.5
281,Caden Dana,702674,CH,11,86.8,-1.0,0.6
282,Caden Dana,702674,CU,5,77.0,0.2,-1.4
283,Caden Dana,702674,FF,28,94.8,-0.7,1.4
284,Caden Dana,702674,SL,12,84.1,0.6,-0.2
285,Cal Quantrill,615698,CH,1,86.9,-1.0,1.0
286,Cal Quantrill,615698,CU,62,79.1,0.3,-0.5
287,Cal Quantrill,615698,FC,59,88.4,0.2,0.7
288,Cal Quantrill,615698,FF,71,93.1,-0.9,1.4
289,Cal Quantrill,615698,FS,109,86.4,-1.0,0.5
290,Cal Quantrill,615698,SI,22,93.2,-1.4,1.1
291,Cal Quantrill,615698,SL,29,85.0,0.3,0.1
292,Caleb Boushley,676961,CH,19,84.8,-1.4,0.5
293,Caleb Boushley,676961,CU,7,75.4,0.7,-1.0
294,Caleb Boushley,676961,FF,47,90.2,-0.1,1.2
295,Caleb Boushley,676961,SI,21,92.0,-1.3,1.0
296,Caleb Boushley,676961,ST,2,84.2,0.6,0.4
297,Caleb Ferguson,657571,FC,46,88.7,-0.2,0.4
298,Caleb Ferguson,657571,FF,72,93.8,0.6,1.3
299,Caleb Ferguson,657571,SI,39,93.8,1.3,0.9
300,Caleb Ferguson,657571,SL,1,89.1,-0.2,0.9
301,Caleb Ferguson,657571,SV,35,79.7,-0.9,-1.0
302,Caleb Thielbar,573204,CU,43,75.8,-0.7,-1.4
303,Caleb Thielbar,573204,FF,62,92.5,0.3,1.6
304,Caleb Thielbar,573204,SL,22,87.9,-0.4,0.4
305,Caleb Thielbar,573204,ST,38,81.3,-1.2,0.0
306,Calvin Faucher,676534,CU,26,85.4,0.8,-1.0
307,Calvin Faucher,676534,FC,65,90.6,0.4,0.1
308,Calvin Faucher,676534,FF,35,95.0,-0.8,1.2
309,Calvin Faucher,676534,SI,19,94.0,-1.6,0.6
310,Calvin Faucher,676534,ST,40,87.2,1.0,0.0
311,Cam Booser,592155,CH,1,88.8,1.2,0.6
312,Cam Booser,592155,FC,40,88.8,-0.2,0.2
313,Cam Booser,592155,FF,76,96.7,0.7,1.3
314,Cam Booser,592155,ST,43,82.6,-1.0,-0.2
315,Camilo Doval,666808,FC,74,97.5,-0.3,0.9
316,Camilo Doval,666808,SI,8,95.8,-0.6,0.4
317,Camilo Doval,666808,SL,89,88.7,0.5,-0.0
318,Carl Edwards Jr.,605218,CH,10,88.4,-1.1,0.9
319,Carl Edwards Jr.,605218,CU,14,78.9,0.5,-0.9
320,Carl Edwards Jr.,605218,FF,23,91.8,0.2,1.5
321,Carlos Carrasco,471911,CH,64,85.4,-0.6,0.2
322,Carlos Carrasco,471911,CU,42,77.9,0.7,-0.4
323,Carlos Carrasco,471911,FF,90,91.8,-0.4,0.9
324,Carlos Carrasco,471911,SI,96,90.7,-1.1,0.4
325,Carlos Carrasco,471911,SL,109,84.4,0.3,0.3
326,Carlos Carrasco,471911,ST,1,77.9,0.9,0.4
327,Carlos Estevez,608032,CH,24,86.6,-1.0,0.8
328,Carlos Estevez,608032,FF,108,94.8,-0.7,1.5
329,Carlos Estevez,608032,SL,64,87.3,0.5,0.4
330,Carlos Hernandez,672578,CU,26,82.5,0.5,-0.5
331,Carlos Hernandez,672578,FF,95,97.4,-0.7,1.5
332,Carlos Hernandez,672578,FS,23,88.6,-1.0,0.8
333,Carlos Hernandez,672578,SL,21,87.4,0.1,0.3
334,Carlos Rodon,607074,CH,88,85.7,0.9,0.2
335,Carlos Rodon,607074,CU,48,80.1,-0.7,-1.2
336,Carlos Rodon,607074,FF,224,94.3,0.8,1.5
337,Carlos Rodon,607074,SI,55,92.2,0.9,0.5
338,Carlos Rodon,607074,SL,165,85.7,-0.6,-0.1
339,Carlos Vargas,672841,CH,1,93.4,-1.4,0.6
340,Carlos Vargas,672841,FC,43,92.1,0.3,0.4
341,Carlos Vargas,672841,FF,2,96.5,-0.6,0.6
342,Carlos Vargas,672841,SI,95,96.8,-1.3,0.4
343,Carlos Vargas,672841,SL,35,88.4,0.3,0.0
344,Carmen Mlodzinski,669387,CH,43,87.2,-0.7,0.0
345,Carmen Mlodzinski,669387,FC,4,94.2,-0.2,0.7
346,Carmen Mlodzinski,669387,FF,134,95.5,-0.8,1.0
347,Carmen Mlodzinski,669387,SI,43,94.9,-1.5,0.4
348,Carmen Mlodzinski,669387,SL,82,88.2,0.3,0.2
349,Carmen Mlodzinski,669387,ST,66,83.6,0.9,0.4
350,Carson Spiers,686730,CH,55,87.0,-1.4,0.3
351,Carson Spiers,686730,FC,46,87.9,0.2,0.6
352,Carson Spiers,686730,FF,35,92.2,-0.5,1.4
353,Carson Spiers,686730,SI,53,92.0,-1.4,0.7
354,Carson Spiers,686730,ST,56,81.4,1.2,0.3
355,Casey Lawrence,596271,CH,23,80.8,-1.5,0.0
356,Casey Lawrence,596271,CU,2,75.4,0.6,-0.4
357,Casey Lawrence,596271,FC,1,82.3,0.1,0.8
358,Casey Lawrence,596271,FF,9,87.4,-1.1,1.1
359,Casey Lawrence,596271,SI,52,87.3,-1.3,0.4
360,Casey Lawrence,596271,SL,3,78.0,0.5,0.5
361,Casey Lawrence,596271,ST,41,77.6,1.0,0.4
362,Casey Legumina,668984,CH,16,87.4,-1.3,0.1
363,Casey Legumina,668984,FF,44,94.8,-1.2,1.2
364,Casey Legumina,668984,SI,14,93.7,-1.5,0.7
365,Casey Legumina,668984,ST,8,80.0,1.0,0.5
366,Casey Mize,663554,FF,115,94.5,-0.6,1.5
367,Casey Mize,663554,FS,80,88.6,-1.2,0.2
368,Casey Mize,663554,SI,32,95.0,-1.3,1.0
369,Casey Mize,663554,SL,44,87.2,0.2,0.3
370,Casey Mize,663554,ST,1,83.5,1.0,0.4
371,Casey Mize,663554,SV,60,83.5,0.4,-0.1
372,Chad Green,643338,FF,104,94.6,-0.6,1.6
373,Chad Green,643338,SI,4,93.9,-1.1,1.1
374,Chad Green,643338,SL,74,87.7,0.3,0.3
375,Chad Patrick,694477,CH,27,87.8,-1.0,0.4
376,Chad Patrick,694477,FC,196,87.5,0.1,1.1
377,Chad Patrick,694477,FF,101,93.4,-0.6,1.4
378,Chad Patrick,694477,SI,91,92.8,-1.3,1.0
379,Chad Patrick,694477,SL,14,83.9,0.5,0.2
380,Charlie Morton,450203,CH,45,87.0,-1.3,-0.1
381,Charlie Morton,450203,CU,143,80.8,1.3,-0.7
382,Charlie Morton,450203,FC,45,88.1,0.1,0.5
383,Charlie Morton,450203,FF,134,93.5,-0.9,1.1
384,Charlie Morton,450203,SI,54,93.3,-1.5,0.4
385,Chase Dollander,801403,CH,42,89.1,-1.3,0.4
386,Chase Dollander,801403,CU,45,78.9,1.1,-0.6
387,Chase Dollander,801403,FC,77,89.1,0.4,0.3
388,Chase Dollander,801403,FF,178,97.6,-0.9,1.1
389,Chase Lee,695445,CH,1,86.3,-0.6,-0.5
390,Chase Lee,695445,FF,11,89.7,-0.4,0.5
391,Chase Lee,695445,SI,6,90.2,-0.8,-0.0
392,Chase Lee,695445,ST,8,80.4,1.6,0.4
393,Chase Shugart,663767,CH,6,87.5,-1.3,0.5
394,Chase Shugart,663767,FC,33,88.8,0.4,0.5
395,Chase Shugart,663767,FF,19,95.0,-0.6,1.3
396,Chase Shugart,663767,SI,35,93.5,-1.2,0.8
397,Chase Shugart,663767,ST,58,80.2,1.5,0.1
398,Chris Bassitt,605135,CH,1,84.0,-1.5,0.7
399,Chris Bassitt,605135,CU,72,71.2,1.3,-1.1
400,Chris Bassitt,605135,FC,81,87.9,0.0,0.8
401,Chris Bassitt,605135,FF,30,91.2,-0.7,1.1
402,Chris Bassitt,605135,FS,45,83.2,-1.3,-0.0
403,Chris Bassitt,605135,SI,186,91.4,-1.5,0.5
404,Chris Bassitt,605135,SL,14,81.2,0.6,-0.1
405,Chris Bassitt,605135,ST,41,72.7,1.7,-0.0
406,Chris Martin,455119,FC,64,91.3,0.2,0.7
407,Chris Martin,455119,FF,47,94.6,-0.7,1.3
408,Chris Martin,455119,FS,31,88.0,-0.9,0.2
409,Chris Martin,455119,SI,19,93.8,-1.3,0.9
410,Chris Martin,455119,ST,1,87.6,-0.3,0.3
411,Chris Paddack,663978,CH,103,84.0,-1.2,0.5
412,Chris Paddack,663978,CU,56,78.2,0.5,-1.1
413,Chris Paddack,663978,FF,229,93.7,-0.7,1.6
414,Chris Paddack,663978,SL,49,84.9,0.2,0.4
415,Chris Roycroft,688297,FC,25,90.3,0.2,0.3
416,Chris Roycroft,688297,FF,32,94.7,-0.8,0.9
417,Chris Roycroft,688297,SI,65,94.1,-1.5,0.7
418,Chris Roycroft,688297,ST,2,85.2,0.5,-0.1
419,Chris Sale,519242,CH,64,86.1,1.3,-0.1
420,Chris Sale,519242,FF,232,94.4,1.2,0.8
421,Chris Sale,519242,SI,16,92.9,1.5,0.2
422,Chris Sale,519242,SL,245,78.7,-0.8,-0.2
423,Chris Stratton,608717,CH,41,83.9,-1.3,0.3
424,Chris Stratton,608717,CU,37,78.4,1.3,-0.5
425,Chris Stratton,608717,FF,98,90.7,-0.5,1.4
426,Chris Stratton,608717,SL,31,85.4,0.4,0.0
427,Chris Stratton,608717,ST,4,83.7,1.2,-0.0
428,Christian Koss,683766,CU,5,60.0,0.3,0.7
429,Christian Koss,683766,SL,2,60.0,-0.2,1.0
430,Cionel Perez,672335,FC,6,91.1,-0.3,0.9
431,Cionel Perez,672335,FF,28,94.5,0.6,1.3
432,Cionel Perez,672335,SI,91,94.6,1.2,0.6
433,Cionel Perez,672335,SL,45,88.0,-0.5,0.3
434,Cionel Perez,672335,SV,54,82.6,-1.0,-0.4
435,Clarke Schmidt,657376,CU,36,84.6,0.8,-1.1
436,Clarke Schmidt,657376,FC,68,91.4,0.1,0.7
437,Clarke Schmidt,657376,SI,14,93.7,-0.8,0.5
438,Clarke Schmidt,657376,ST,35,85.8,0.6,0.4
439,Clay Holmes,605280,CH,80,87.7,-1.3,0.0
440,Clay Holmes,605280,FC,41,90.7,0.0,0.6
441,Clay Holmes,605280,FF,43,92.7,-0.7,1.3
442,Clay Holmes,605280,SI,144,93.6,-1.3,0.4
443,Clay Holmes,605280,SL,67,85.7,0.1,-0.2
444,Clay Holmes,605280,ST,67,81.3,1.4,-0.5
445,Cody Poteet,547001,CH,14,86.8,-1.3,0.3
446,Cody Poteet,547001,FF,5,92.2,-0.6,1.3
447,Cody Poteet,547001,SI,19,92.3,-1.1,0.8
448,Cody Poteet,547001,SL,24,84.3,0.4,-0.2
449,Cody Poteet,547001,ST,6,81.1,1.2,-0.1
450,Cole Henry,669371,CH,2,86.6,-1.4,0.4
451,Cole Henry,669371,CU,29,80.2,1.3,-0.0
452,Cole Henry,669371,FC,1,87.3,0.1,0.4
453,Cole Henry,669371,FF,31,94.4,-1.1,1.3
454,Cole Henry,669371,SI,6,93.3,-1.5,0.7
455,Cole Ragans,666142,CH,101,84.5,1.3,0.9
456,Cole Ragans,666142,CU,75,80.4,-1.0,-1.1
457,Cole Ragans,666142,FC,23,90.5,-0.0,0.8
458,Cole Ragans,666142,FF,257,95.6,1.1,1.4
459,Cole Ragans,666142,SL,67,84.6,-0.1,-0.2
460,Cole Sands,663485,CU,7,80.8,1.2,-0.4
461,Cole Sands,663485,FC,78,89.6,0.2,0.7
462,Cole Sands,663485,FF,40,94.7,-0.9,1.2
463,Cole Sands,663485,FS,29,87.6,-1.2,0.1
464,Cole Sands,663485,SI,15,93.7,-1.4,0.7
465,Cole Sulser,642121,CH,9,83.8,-1.3,0.2
466,Cole Sulser,642121,FC,7,87.3,0.1,0.8
467,Cole Sulser,642121,FF,11,92.0,-1.1,1.7
468,Colin Holderman,670059,FC,19,88.9,0.3,0.4
469,Colin Holderman,670059,FF,19,96.7,-0.9,1.2
470,Colin Holderman,670059,FS,16,89.9,-1.4,0.1
471,Colin Holderman,670059,SI,19,96.6,-1.5,0.6
472,Colin Holderman,670059,ST,34,82.0,1.0,0.5
473,Colin Poche,621363,CU,5,81.8,-0.5,0.2
474,Colin Poche,621363,FF,123,91.7,0.1,1.7
475,Colin Poche,621363,SL,48,82.7,-0.5,0.3
476,Colin Rea,607067,CU,26,80.2,0.9,-0.7
477,Colin Rea,607067,FC,26,87.3,0.2,0.5
478,Colin Rea,607067,FF,145,93.7,-0.7,1.2
479,Colin Rea,607067,FS,16,87.8,-1.3,0.0
480,Colin Rea,607067,SI,24,93.8,-1.2,0.8
481,Colin Rea,607067,SL,29,83.7,0.5,-0.4
482,Colin Rea,607067,ST,30,81.4,1.2,0.0
483,Colin Selby,681882,CU,6,82.8,1.2,-1.1
484,Colin Selby,681882,FF,5,95.9,-0.7,1.4
485,Colin Selby,681882,SI,6,95.4,-1.2,0.9
486,Colin Selby,681882,SL,4,88.0,0.3,0.2
487,Collin Snider,676092,FC,40,88.1,0.4,0.1
488,Collin Snider,676092,FF,61,92.3,-0.1,0.7
489,Collin Snider,676092,SI,3,94.3,-0.8,0.5
490,Collin Snider,676092,ST,91,82.2,1.2,0.2
491,Connor Gillispie,687362,CH,60,87.1,-1.5,0.5
492,Connor Gillispie,687362,CU,4,78.4,0.9,-1.0
493,Connor Gillispie,687362,FC,105,86.7,0.1,0.7
494,Connor Gillispie,687362,FF,123,91.2,-0.6,1.7
495,Connor Gillispie,687362,ST,126,81.0,1.3,-0.2
496,Connor Thomas,671162,CH,22,84.5,1.0,-0.3
497,Connor Thomas,671162,FC,27,86.8,0.0,0.4
498,Connor Thomas,671162,FF,5,90.3,0.8,0.9
499,Connor Thomas,671162,SI,45,89.6,1.3,0.1
500,Connor Thomas,671162,ST,20,83.3,-1.0,-0.4
501,Cooper Criswell,681867,CH,27,84.2,-1.1,-0.5
502,Cooper Criswell,681867,FC,26,86.9,-0.1,0.6
503,Cooper Criswell,681867,SI,28,89.3,-1.3,-0.1
504,Cooper Criswell,681867,ST,15,76.6,1.6,0.4
505,Corbin Burnes,669203,CH,40,88.3,-1.3,0.7
506,Corbin Burnes,669203,CU,92,80.1,0.8,-1.0
507,Corbin Burnes,669203,FC,250,94.1,0.2,1.0
508,Corbin Burnes,669203,SI,35,95.8,-1.0,0.9
509,Corbin Burnes,669203,SL,44,88.6,0.5,0.2
510,Corbin Burnes,669203,ST,1,84.7,0.8,-0.3
511,Craig Yoho,684974,CH,40,77.3,-1.5,-0.2
512,Craig Yoho,684974,FC,1,89.5,-0.3,1.1
513,Craig Yoho,684974,FF,24,93.2,-1.5,0.9
514,Craig Yoho,684974,ST,11,76.1,1.6,-0.8
515,Cristopher Sanchez,650911,CH,167,86.5,1.4,-0.1
516,Cristopher Sanchez,650911,SI,202,95.7,1.6,0.5
517,Cristopher Sanchez,650911,SL,62,85.8,-0.1,0.1
518,Daniel Lynch IV,663738,CH,51,85.7,1.2,0.2
519,Daniel Lynch IV,663738,CU,14,81.5,-0.3,-0.2
520,Daniel Lynch IV,663738,FF,52,93.8,0.8,1.3
521,Daniel Lynch IV,663738,SI,17,93.5,1.3,0.8
522,Daniel Lynch IV,663738,SL,67,86.5,-0.2,0.3
523,Daniel Palencia,694037,CU,5,85.0,-0.1,0.4
524,Daniel Palencia,694037,FF,69,98.7,-1.0,1.3
525,Daniel Palencia,694037,FS,3,85.8,0.1,0.3
526,Daniel Palencia,694037,SI,7,99.4,-1.4,1.4
527,Daniel Palencia,694037,SL,13,87.3,0.2,0.3
528,Danny Coulombe,543056,CU,5,77.9,-0.4,-1.6
529,Danny Coulombe,543056,FC,48,85.2,-0.4,0.4
530,Danny Coulombe,543056,FF,26,90.1,0.0,1.4
531,Danny Coulombe,543056,SI,33,89.8,0.9,1.1
532,Danny Coulombe,543056,ST,28,80.2,-1.0,-0.4
533,Danny Young,664849,FC,5,90.1,0.2,0.6
534,Danny Young,664849,SI,74,92.7,1.6,0.2
535,Danny Young,664849,ST,60,82.2,-1.6,0.0
536,Darren McCaughan,670766,CH,10,80.8,-1.2,0.4
537,Darren McCaughan,670766,FF,20,88.9,-0.5,1.2
538,Darren McCaughan,670766,SI,20,90.1,-1.4,0.6
539,Darren McCaughan,670766,ST,36,82.2,0.9,0.4
540,David Bednar,670280,CU,34,76.8,0.8,-0.6
541,David Bednar,670280,FF,45,96.9,-0.8,1.5
542,David Bednar,670280,FS,10,92.0,-0.7,0.4
543,David Bednar,670280,SL,1,92.3,-0.6,0.3
544,David Festa,701581,CH,59,88.3,-1.2,0.6
545,David Festa,701581,FF,87,94.8,-0.3,1.6
546,David Festa,701581,SI,10,94.9,-1.1,1.4
547,David Festa,701581,SL,68,87.0,0.1,0.2
548,David Peterson,656849,CH,85,84.3,1.2,0.5
549,David Peterson,656849,CU,55,78.6,-0.4,-0.6
550,David Peterson,656849,FF,106,92.9,0.5,1.2
551,David Peterson,656849,SI,127,91.5,1.3,0.7
552,David Peterson,656849,SL,84,84.8,-0.2,-0.1
553,Davis Martin,663436,CH,113,90.2,-1.1,0.1
554,Davis Martin,663436,CU,14,77.6,1.2,-0.8
555,Davis Martin,663436,FC,67,89.3,0.1,0.6
556,Davis Martin,663436,FF,132,93.1,-0.4,1.3
557,Davis Martin,663436,SI,31,91.3,-1.3,0.8
558,Davis Martin,663436,SL,89,83.4,0.8,0.1
559,Daysbel Hernandez,678226,FF,64,97.3,-0.8,1.4
560,Daysbel Hernandez,678226,SL,96,88.5,0.3,0.2
561,Dean Kremer,665152,CU,71,79.3,0.5,-1.0
562,Dean Kremer,665152,FC,108,87.6,0.4,0.6
563,Dean Kremer,665152,FF,95,93.7,-0.7,1.5
564,Dean Kremer,665152,FS,90,83.3,-1.0,0.7
565,Dean Kremer,665152,PO,1,91.1,-0.6,1.6
566,Dean Kremer,665152,SI,86,92.8,-1.2,1.1
567,Dennis Santana,642701,CH,17,90.1,-1.3,0.8
568,Dennis Santana,642701,CU,1,85.4,0.2,0.3
569,Dennis Santana,642701,FC,7,90.2,-0.1,1.2
570,Dennis Santana,642701,FF,62,93.6,-0.8,1.1
571,Dennis Santana,642701,SI,5,95.1,-1.4,0.6
572,Dennis Santana,642701,SL,81,86.5,0.2,0.3
573,Devin Williams,642207,CH,106,84.6,-1.7,-0.2
574,Devin Williams,642207,FF,85,93.7,-0.9,1.4
575,Dillon Tate,622253,CH,8,82.1,-1.0,-0.5
576,Dillon Tate,622253,SI,9,90.7,-1.4,0.0
577,Dillon Tate,622253,ST,14,80.0,0.6,0.3
578,Drew Pomeranz,519141,CU,1,84.5,-0.6,-1.4
579,Drew Pomeranz,519141,FF,15,93.1,0.2,1.6
580,Drew Rasmussen,656876,CU,25,80.9,0.4,-0.8
581,Drew Rasmussen,656876,FC,133,90.1,0.3,0.3
582,Drew Rasmussen,656876,FF,116,95.7,-0.3,1.5
583,Drew Rasmussen,656876,SI,93,95.3,-1.2,1.2
584,Drew Rasmussen,656876,ST,28,84.8,1.0,-0.2
585,Drey Jameson,686753,CH,5,88.9,-1.3,0.1
586,Drey Jameson,686753,FF,6,98.0,-0.7,1.2
587,Drey Jameson,686753,SI,18,95.0,-1.4,0.4
588,Drey Jameson,686753,SL,2,86.8,0.2,0.1
589,Dustin May,669160,CH,4,92.1,-1.2,0.5
590,Dustin May,669160,FC,13,91.0,-0.2,0.3
591,Dustin May,669160,FF,73,95.0,-0.9,1.0
592,Dustin May,669160,SI,113,94.1,-1.6,0.4
593,Dustin May,669160,ST,135,85.0,1.4,-0.2
594,Dylan Cease,656302,CH,30,77.2,-0.7,1.5
595,Dylan Cease,656302,CU,34,80.8,0.4,-1.3
596,Dylan Cease,656302,FF,164,96.8,-0.3,1.6
597,Dylan Cease,656302,SI,19,95.8,-1.0,1.2
598,Dylan Cease,656302,SL,192,89.1,0.1,0.4
599,Dylan Cease,656302,ST,8,83.0,1.2,-0.5
600,Dylan Lee,669276,CH,25,86.6,0.9,1.2
601,Dylan Lee,669276,FF,64,93.7,0.7,1.7
602,Dylan Lee,669276,SL,102,85.0,-0.1,0.5
603,Easton Lucas,687922,CH,59,86.6,1.1,0.6
604,Easton Lucas,687922,FC,3,92.6,0.1,1.0
605,Easton Lucas,687922,FF,167,93.3,0.4,1.5
606,Easton Lucas,687922,SL,36,87.0,-0.3,0.2
607,Easton Lucas,687922,ST,33,81.0,-0.9,0.2
608,Eduard Bazardo,660825,FC,3,88.2,0.4,0.7
609,Eduard Bazardo,660825,FF,75,94.1,-0.6,1.4
610,Eduard Bazardo,660825,FS,8,90.4,-1.2,0.7
611,Eduard Bazardo,660825,SI,62,94.0,-1.3,1.0
612,Eduard Bazardo,660825,SL,121,82.3,1.4,-0.3
613,Eduardo Rodriguez,593958,CH,98,86.7,1.3,0.5
614,Eduardo Rodriguez,593958,FC,64,89.0,-0.1,0.8
615,Eduardo Rodriguez,593958,FF,190,92.0,0.4,1.3
616,Eduardo Rodriguez,593958,SI,46,91.9,1.1,1.0
617,Eduardo Rodriguez,593958,SL,57,84.7,-0.4,0.3
618,Eduardo Salazar,674285,CH,5,88.4,-0.9,0.7
619,Eduardo Salazar,674285,FF,46,95.0,-1.0,1.1
620,Eduardo Salazar,674285,SI,62,94.1,-1.4,0.4
621,Eduardo Salazar,674285,SL,58,87.0,0.5,-0.0
622,Edward Cabrera,665795,CH,68,93.5,-1.6,0.4
623,Edward Cabrera,665795,CU,58,83.5,0.9,-0.8
624,Edward Cabrera,665795,FF,24,96.6,-1.0,1.3
625,Edward Cabrera,665795,SI,52,96.6,-1.5,0.9
626,Edward Cabrera,665795,SL,52,89.5,-0.0,0.3
627,Edwin Diaz,621242,FF,107,96.3,-1.1,1.1
628,Edwin Diaz,621242,SL,94,88.2,0.2,0.3
629,Edwin Uceta,670955,CH,63,88.4,-1.3,0.0
630,Edwin Uceta,670955,FC,39,89.2,0.0,0.8
631,Edwin Uceta,670955,FF,61,93.7,-1.0,1.1
632,Eli Morgan,669212,CH,55,79.4,-1.6,0.2
633,Eli Morgan,669212,FF,39,91.9,-1.0,1.4
634,Eli Morgan,669212,SL,38,86.5,0.2,0.1
635,Elvin Rodriguez,660730,CH,17,86.6,-1.3,1.1
636,Elvin Rodriguez,660730,CU,37,78.6,0.7,-1.2
637,Elvin Rodriguez,660730,FC,38,88.5,0.0,0.7
638,Elvin Rodriguez,660730,FF,99,94.1,-0.6,1.6
639,Elvin Rodriguez,660730,ST,32,82.9,0.9,0.2
640,Elvis Peguero,665625,SI,70,95.0,-1.4,0.3
641,Elvis Peguero,665625,SL,58,87.5,0.3,-0.2
642,Emerson Hancock,676106,CH,46,86.7,-1.4,0.3
643,Emerson Hancock,676106,FF,42,94.5,-1.2,1.1
644,Emerson Hancock,676106,SI,89,94.7,-1.6,0.6
645,Emerson Hancock,676106,SL,18,81.3,0.5,-0.2
646,Emerson Hancock,676106,ST,9,79.3,1.2,0.2
647,Emilio Pagan,641941,FC,27,86.1,0.5,0.3
648,Emilio Pagan,641941,FF,109,94.6,-0.5,1.6
649,Emilio Pagan,641941,FS,22,83.8,-0.8,0.3
650,Emmanuel Clase,661403,FC,126,98.9,0.3,1.0
651,Emmanuel Clase,661403,FF,3,98.2,-0.4,1.2
652,Emmanuel Clase,661403,SI,1,98.8,-1.0,0.9
653,Emmanuel Clase,661403,SL,53,89.5,0.7,0.2
654,Enyel De Los Santos,660853,CH,19,86.7,-1.4,0.7
655,Enyel De Los Santos,660853,FF,87,96.0,-0.9,1.1
656,Enyel De Los Santos,660853,SL,93,88.4,0.1,0.5
657,Eric Orze,679358,CH,55,84.9,-1.1,0.0
658,Eric Orze,679358,FF,20,94.3,-0.9,1.5
659,Eric Orze,679358,SI,2,95.2,-1.2,1.1
660,Eric Orze,679358,SL,26,88.7,0.4,0.4
661,Erick Fedde,607200,CH,39,86.8,-1.0,0.2
662,Erick Fedde,607200,FC,118,90.3,0.0,0.9
663,Erick Fedde,607200,SI,157,93.0,-1.0,0.8
664,Erick Fedde,607200,ST,92,83.0,1.0,0.4
665,Erik Miller,669062,CH,37,86.9,1.4,0.1
666,Erik Miller,669062,FF,61,97.0,0.9,1.2
667,Erik Miller,669062,SI,17,96.6,1.5,0.7
668,Erik Miller,669062,SL,23,86.2,-0.5,-0.0
669,Ethan Roberts,681799,FC,31,91.5,0.2,0.8
670,Ethan Roberts,681799,SI,7,92.9,-0.6,0.7
671,Ethan Roberts,681799,ST,56,82.5,1.8,-0.1
672,Evan Phillips,623465,FC,2,91.7,-0.3,0.7
673,Evan Phillips,623465,FF,14,95.0,-0.9,1.3
674,Evan Phillips,623465,ST,14,84.8,1.5,-0.1
675,Evan Sisk,681895,FC,11,87.5,-0.2,0.6
676,Evan Sisk,681895,FF,5,90.4,0.9,0.5
677,Evan Sisk,681895,SI,19,89.6,1.3,0.1
678,Evan Sisk,681895,SL,14,79.0,-1.2,0.7
679,Ezequiel Duran,677649,CU,5,41.5,0.3,1.3
680,Ezequiel Duran,677649,SL,1,41.7,1.8,1.6
681,Felix Bautista,642585,FC,2,92.6,0.2,1.2
682,Felix Bautista,642585,FS,35,88.4,-0.7,0.8
683,Felix Bautista,642585,PO,1,94.3,-0.5,1.6
684,Felix Bautista,642585,SI,71,97.1,-0.5,1.7
685,Felix Bautista,642585,SL,19,85.3,0.5,-0.0
686,Fernando Cruz,518585,FF,41,93.6,-0.6,1.5
687,Fernando Cruz,518585,FS,117,80.6,-0.5,0.2
688,Fernando Cruz,518585,SI,29,93.0,-1.2,1.2
689,Fernando Cruz,518585,SL,27,82.5,0.6,0.1
690,Forrest Whitley,666215,CU,6,82.6,0.8,-1.4
691,Forrest Whitley,666215,FF,2,96.4,-0.8,1.5
692,Forrest Whitley,666215,SI,18,96.2,-1.2,1.3
693,Forrest Whitley,666215,SV,6,85.5,1.1,-0.4
694,Framber Valdez,664285,CH,66,89.1,1.3,0.0
695,Framber Valdez,664285,CU,139,79.5,-1.1,-1.2
696,Framber Valdez,664285,FF,2,95.8,0.7,1.3
697,Framber Valdez,664285,SI,218,94.5,1.4,0.6
698,Framber Valdez,664285,SL,23,83.9,-0.4,-0.3
699,Fraser Ellard,686642,CH,10,88.7,1.0,0.3
700,Fraser Ellard,686642,FF,38,94.3,0.9,1.3
701,Fraser Ellard,686642,SI,13,92.1,1.4,0.6
702,Fraser Ellard,686642,SL,19,83.4,-0.7,-0.1
703,Freddy Peralta,642547,CH,106,89.8,-1.4,0.3
704,Freddy Peralta,642547,CU,74,80.9,0.5,-0.5
705,Freddy Peralta,642547,FF,339,95.1,-0.4,1.4
706,Freddy Peralta,642547,SL,46,84.3,0.6,0.4
707,Gabe Speier,642100,FF,57,95.5,0.8,1.4
708,Gabe Speier,642100,SI,47,94.8,1.5,0.6
709,Gabe Speier,642100,SL,36,82.0,-0.5,-0.2
710,Garrett Cleavinger,664076,FC,1,89.4,-0.4,0.4
711,Garrett Cleavinger,664076,FF,16,96.3,0.7,1.3
712,Garrett Cleavinger,664076,SI,51,95.5,1.3,0.8
713,Garrett Cleavinger,664076,SL,64,85.8,-0.6,-0.1
714,Garrett Cleavinger,664076,ST,14,81.0,-1.5,-0.1
715,Garrett Crochet,676979,CH,35,89.2,1.3,0.8
716,Garrett Crochet,676979,FC,170,90.2,-0.4,0.5
717,Garrett Crochet,676979,FF,279,95.8,0.8,1.3
718,Garrett Crochet,676979,SI,80,95.4,1.4,0.6
719,Garrett Crochet,676979,ST,35,82.9,-1.1,-0.1
720,Garrett McDaniels,680729,CU,5,79.2,-1.1,-0.9
721,Garrett McDaniels,680729,SI,56,92.4,1.0,0.5
722,Garrett McDaniels,680729,SL,80,85.2,-0.1,-0.2
723,Garrett Whitlock,676477,CH,55,84.0,-1.4,0.1
724,Garrett Whitlock,676477,SI,110,95.6,-1.1,1.3
725,Garrett Whitlock,676477,SL,61,84.8,0.3,-0.5
726,Garrett Whitlock,676477,ST,25,83.0,0.8,-0.5
727,Gary Sanchez,596142,EP,8,63.8,-0.0,0.9
728,Gary Sanchez,596142,FF,11,82.6,-1.0,1.5
729,Gavin Hollowell,668970,FF,13,95.0,-0.9,1.2
730,Gavin Hollowell,668970,ST,6,85.6,0.9,0.1
731,Gavin Williams,668909,CH,2,87.6,-0.4,0.4
732,Gavin Williams,668909,CU,85,81.7,0.8,-1.2
733,Gavin Williams,668909,FC,5,91.6,0.0,0.6
734,Gavin Williams,668909,FF,246,96.8,-0.9,1.3
735,Gavin Williams,668909,ST,111,86.5,0.8,-0.1
736,George Soriano,666277,CH,60,88.0,-1.1,-0.2
737,George Soriano,666277,FF,29,94.6,-0.8,1.0
738,George Soriano,666277,SI,52,95.1,-1.4,0.3
739,George Soriano,666277,SL,86,85.2,0.6,0.0
740,German Marquez,608566,CH,9,89.3,-1.1,0.8
741,German Marquez,608566,CU,77,86.1,0.2,-0.1
742,German Marquez,608566,FF,107,95.3,-0.9,1.2
743,German Marquez,608566,SI,105,94.6,-1.2,0.9
744,German Marquez,608566,SL,61,89.2,0.0,0.5
745,Gerson Garabito,642520,CH,19,86.8,-1.3,0.5
746,Gerson Garabito,642520,CU,32,82.5,1.0,-0.2
747,Gerson Garabito,642520,FF,25,93.2,-0.4,1.5
748,Gerson Garabito,642520,SI,21,92.9,-1.2,0.6
749,Gerson Garabito,642520,SL,24,89.0,0.3,0.5
750,Gordon Graceffo,700669,CH,5,85.4,-1.3,0.9
751,Gordon Graceffo,700669,CU,12,83.7,0.1,-1.2
752,Gordon Graceffo,700669,FF,30,93.2,-0.3,1.3
753,Gordon Graceffo,700669,SL,16,89.4,0.2,0.4
754,Graham Ashcraft,668933,FC,139,96.6,0.2,0.8
755,Graham Ashcraft,668933,SL,47,89.5,0.8,-0.1
756,Grant Anderson,681982,CH,27,85.9,-1.2,-0.3
757,Grant Anderson,681982,FF,46,92.3,-1.1,0.9
758,Grant Anderson,681982,SI,70,92.1,-1.5,0.0
759,Grant Anderson,681982,SL,96,78.9,1.2,0.2
760,Grant Anderson,681982,ST,8,80.1,1.1,0.2
761,Grant Holman,680880,CH,6,87.4,-1.1,0.0
762,Grant Holman,680880,FF,9,94.3,-0.8,1.2
763,Grant Holman,680880,SL,2,85.8,0.2,0.2
764,Grant Holmes,656550,CH,9,89.9,-1.0,0.1
765,Grant Holmes,656550,CU,92,83.4,0.4,-0.9
766,Grant Holmes,656550,FC,34,92.5,0.0,0.8
767,Grant Holmes,656550,FF,157,94.5,-0.4,1.3
768,Grant Holmes,656550,SI,4,93.2,-0.7,0.6
769,Grant Holmes,656550,SL,105,85.4,0.3,-0.3
770,Greg Weissert,669711,CH,28,85.4,-1.2,-0.2
771,Greg Weissert,669711,FF,62,93.6,-0.7,1.1
772,Greg Weissert,669711,SI,58,93.4,-1.5,0.2
773,Greg Weissert,669711,SL,27,85.9,0.4,0.1
774,Greg Weissert,669711,ST,19,80.9,1.6,0.4
775,Gregory Santos,666619,CH,2,93.8,-0.9,0.8
776,Gregory Santos,666619,FF,20,96.5,-0.4,0.8
777,Gregory Santos,666619,SI,29,98.0,-0.9,0.7
778,Gregory Santos,666619,SL,81,88.5,0.6,0.2
779,Gregory Soto,642397,FF,23,96.9,0.9,1.1
780,Gregory Soto,642397,FS,1,88.2,1.1,0.1
781,Gregory Soto,642397,SI,86,96.5,1.5,0.8
782,Gregory Soto,642397,SL,65,85.9,-0.3,0.3
783,Gregory Soto,642397,ST,1,83.5,-1.3,0.2
784,Griffin Canning,656288,CH,104,89.0,-1.3,0.1
785,Griffin Canning,656288,CU,8,81.0,1.0,-0.6
786,Griffin Canning,656288,FC,15,89.4,0.1,0.6
787,Griffin Canning,656288,FF,155,93.6,-0.8,1.4
788,Griffin Canning,656288,SI,6,94.4,-1.1,1.4
789,Griffin Canning,656288,SL,160,87.3,0.1,-0.4
790,Griffin Jax,643377,CH,49,91.8,-1.3,0.2
791,Griffin Jax,643377,CU,2,86.6,0.3,-1.1
792,Griffin Jax,643377,FF,53,97.1,-0.5,1.4
793,Griffin Jax,643377,SI,17,96.5,-1.3,0.9
794,Griffin Jax,643377,ST,67,88.6,1.0,-0.0
795,Hayden Birdsong,806185,CH,44,89.1,-1.0,-0.1
796,Hayden Birdsong,806185,CU,14,80.0,0.3,-1.4
797,Hayden Birdsong,806185,FF,95,96.5,-0.6,1.6
798,Hayden Birdsong,806185,SL,32,89.1,0.1,0.4
799,Hayden Wesneski,669713,CH,30,86.1,-1.2,0.4
800,Hayden Wesneski,669713,CU,44,77.1,0.9,-1.0
801,Hayden Wesneski,669713,FC,47,88.2,0.4,0.4
802,Hayden Wesneski,669713,FF,162,94.0,-0.5,1.1
803,Hayden Wesneski,669713,SI,40,92.8,-1.1,0.8
804,Hayden Wesneski,669713,ST,105,83.6,1.5,0.0
805,Hector Neris,593576,FF,16,91.9,-0.8,1.5
806,Hector Neris,593576,FS,20,82.7,-1.0,-0.0
807,Hector Neris,593576,SI,7,92.3,-1.4,1.1
808,Hector Neris,593576,SL,1,84.4,0.2,0.1
809,Hoby Milner,571948,CH,27,80.1,1.3,-0.3
810,Hoby Milner,571948,FF,28,87.2,1.2,0.6
811,Hoby Milner,571948,SI,53,86.7,1.5,-0.1
812,Hoby Milner,571948,ST,75,77.3,-1.3,0.0
813,Hogan Harris,663687,CH,10,82.0,1.3,1.2
814,Hogan Harris,663687,CU,11,72.9,-0.8,-1.6
815,Hogan Harris,663687,FF,29,92.5,0.8,1.5
816,Hogan Harris,663687,SL,2,78.4,-1.1,-0.4
817,Huascar Brazoban,623211,CH,71,90.0,-1.5,0.2
818,Huascar Brazoban,623211,FC,37,91.2,-0.2,0.8
819,Huascar Brazoban,623211,FF,41,96.0,-0.9,1.3
820,Huascar Brazoban,623211,SI,80,96.1,-1.5,0.7
821,Hunter Bigge,685801,CU,12,81.9,0.5,-1.3
822,Hunter Bigge,685801,FF,77,97.5,-0.3,1.5
823,Hunter Bigge,685801,FS,1,87.9,-0.2,0.8
824,Hunter Bigge,685801,SI,8,95.8,-1.0,1.3
825,Hunter Bigge,685801,SL,81,89.0,0.4,0.2
826,Hunter Brown,686613,CH,73,88.8,-1.3,0.7
827,Hunter Brown,686613,CU,71,84.3,0.4,-1.3
828,Hunter Brown,686613,FC,26,93.7,0.3,0.7
829,Hunter Brown,686613,FF,170,97.3,-0.5,1.5
830,Hunter Brown,686613,SI,107,96.5,-1.1,1.2
831,Hunter Brown,686613,SL,31,90.9,0.3,0.5
832,Hunter Dobbins,690928,CU,23,78.2,0.5,-0.9
833,Hunter Dobbins,690928,FF,75,94.9,-0.1,1.4
834,Hunter Dobbins,690928,FS,25,90.3,-1.1,0.4
835,Hunter Dobbins,690928,SL,28,85.8,0.6,0.0
836,Hunter Dobbins,690928,ST,21,80.3,1.2,0.1
837,Hunter Gaddis,683769,CH,17,78.2,-1.4,0.9
838,Hunter Gaddis,683769,FF,43,94.6,-0.6,1.5
839,Hunter Gaddis,683769,SL,104,89.7,0.4,0.5
840,Hunter Greene,668881,CU,2,84.0,0.8,-0.0
841,Hunter Greene,668881,FF,268,99.3,-0.8,1.4
842,Hunter Greene,668881,FS,44,87.8,-0.8,0.2
843,Hunter Greene,668881,SL,143,88.1,0.5,0.3
844,Hunter Harvey,640451,CU,6,81.1,0.6,-1.0
845,Hunter Harvey,640451,FF,48,95.3,-0.7,1.5
846,Hunter Harvey,640451,FS,17,87.7,-0.8,0.1
847,Hunter Harvey,640451,SL,8,85.6,0.3,0.0
848,Ian Anderson,666120,CH,70,88.2,-0.9,0.8
849,Ian Anderson,666120,CU,28,80.9,0.2,-0.4
850,Ian Anderson,666120,FF,105,93.7,-0.7,1.3
851,Ian Gibaut,664139,CH,5,85.2,-1.4,0.6
852,Ian Gibaut,664139,FC,23,90.8,0.3,1.0
853,Ian Gibaut,664139,FF,111,94.0,-0.5,1.4
854,Ian Gibaut,664139,PO,1,93.6,-0.5,1.6
855,Ian Gibaut,664139,SL,12,88.5,0.5,0.2
856,Ian Gibaut,664139,ST,29,84.9,1.2,0.0
857,Ian Hamilton,641656,FF,18,94.3,-0.9,1.4
858,Ian Hamilton,641656,SI,46,93.8,-1.5,0.7
859,Ian Hamilton,641656,SL,42,87.1,-0.1,0.5
860,J.P. Feyereisen,656420,CH,23,86.9,-1.0,0.1
861,J.P. Feyereisen,656420,FF,13,91.0,-0.2,1.4
862,J.P. Feyereisen,656420,SL,11,83.2,0.5,-0.0
863,J.T. Ginn,669372,CH,13,88.8,-1.2,0.1
864,J.T. Ginn,669372,FC,30,92.0,-0.1,0.8
865,J.T. Ginn,669372,FF,3,93.1,-0.5,0.7
866,J.T. Ginn,669372,SI,150,93.9,-1.3,0.4
867,J.T. Ginn,669372,SL,60,86.4,0.3,0.1
868,JP Sears,676664,CH,56,83.0,1.4,0.4
869,JP Sears,676664,FF,203,92.5,1.0,1.2
870,JP Sears,676664,SI,7,89.7,1.2,0.6
871,JP Sears,676664,SL,66,79.9,-0.3,0.3
872,JP Sears,676664,ST,133,78.7,-1.0,0.5
873,Jack Dreyer,676263,CU,26,78.6,-0.6,-1.4
874,Jack Dreyer,676263,FF,94,92.5,0.6,1.7
875,Jack Dreyer,676263,SI,1,91.8,1.0,1.4
876,Jack Dreyer,676263,SL,98,87.6,-0.2,0.3
877,Jack Flaherty,656427,CH,17,85.0,-1.1,0.5
878,Jack Flaherty,656427,CU,104,77.2,1.1,-0.8
879,Jack Flaherty,656427,FF,204,92.7,-0.4,1.3
880,Jack Flaherty,656427,SI,7,90.1,-1.1,0.6
881,Jack Flaherty,656427,SL,132,84.2,0.5,0.2
882,Jack Kochanowicz,686799,CH,1,87.6,0.2,-0.1
883,Jack Kochanowicz,686799,FF,91,95.7,-0.6,1.1
884,Jack Kochanowicz,686799,SI,191,95.6,-1.2,0.2
885,Jack Kochanowicz,686799,SL,81,88.1,0.2,0.0
886,Jack Kochanowicz,686799,ST,18,84.5,0.7,-0.2
887,Jack Leiter,683004,CH,25,91.4,-0.9,0.1
888,Jack Leiter,683004,CU,17,82.1,0.7,-0.9
889,Jack Leiter,683004,FF,43,97.9,-0.5,1.4
890,Jack Leiter,683004,SI,30,96.6,-1.1,1.2
891,Jack Leiter,683004,SL,37,87.9,0.4,-0.0
892,Jackson Jobe,695549,CH,54,85.1,-1.3,0.6
893,Jackson Jobe,695549,CU,31,80.8,0.9,-1.0
894,Jackson Jobe,695549,FF,105,96.6,-0.6,1.5
895,Jackson Jobe,695549,SI,44,95.6,-1.3,0.9
896,Jackson Jobe,695549,SL,105,88.6,0.6,0.1
897,Jackson Rutledge,671131,FC,39,89.2,0.2,0.6
898,Jackson Rutledge,671131,FF,25,95.3,-0.9,1.3
899,Jackson Rutledge,671131,FS,11,83.9,-0.9,0.1
900,Jackson Rutledge,671131,SI,34,94.5,-1.4,0.7
901,Jackson Rutledge,671131,SL,44,85.0,0.2,0.0
902,Jacob Barnes,606930,FC,65,88.0,0.4,0.4
903,Jacob Barnes,606930,FF,55,94.1,-0.2,1.4
904,Jacob Barnes,606930,FS,8,87.0,-0.8,0.7
905,Jacob Barnes,606930,SL,18,84.6,0.3,0.1
906,Jacob Latz,656641,CH,12,86.2,1.1,0.7
907,Jacob Latz,656641,CU,8,76.8,-0.7,-1.0
908,Jacob Latz,656641,FF,26,95.0,0.7,1.5
909,Jacob Latz,656641,SL,9,84.2,-0.4,0.2
910,Jacob Lopez,682052,CH,7,82.7,1.6,0.6
911,Jacob Lopez,682052,FC,8,87.9,0.3,1.1
912,Jacob Lopez,682052,FF,45,90.7,1.3,0.9
913,Jacob Lopez,682052,SL,28,79.0,-0.6,0.0
914,Jacob Webb,657097,CH,76,84.2,-1.5,0.9
915,Jacob Webb,657097,FF,64,92.9,-0.8,1.4
916,Jacob Webb,657097,ST,34,82.2,1.0,-0.2
917,Jacob deGrom,594798,CH,47,89.0,-1.2,0.3
918,Jacob deGrom,594798,CU,19,80.7,0.8,-0.4
919,Jacob deGrom,594798,FF,192,96.7,-0.8,1.4
920,Jacob deGrom,594798,SL,163,89.0,0.4,0.1
921,Jaden Hill,677955,CH,12,84.3,-1.2,0.2
922,Jaden Hill,677955,FF,11,96.8,-1.1,1.1
923,Jaden Hill,677955,SI,15,97.6,-1.5,0.7
924,Jaden Hill,677955,ST,10,87.7,0.5,-0.1
925,Jake Bauers,641343,EP,2,56.0,-0.5,-0.4
926,Jake Bauers,641343,FF,25,66.4,0.1,1.5
927,Jake Bird,656234,CU,32,79.9,1.4,-0.8
928,Jake Bird,656234,FC,3,92.8,-0.1,0.9
929,Jake Bird,656234,SI,100,94.1,-1.0,-0.0
930,Jake Bird,656234,SL,102,83.6,1.2,0.5
931,Jake Irvin,663623,CH,62,86.0,-1.3,0.4
932,Jake Irvin,663623,CU,207,78.4,1.2,-0.3
933,Jake Irvin,663623,FC,22,88.0,0.1,0.6
934,Jake Irvin,663623,FF,156,92.2,-0.7,1.2
935,Jake Irvin,663623,PO,1,88.8,-0.3,0.9
936,Jake Irvin,663623,SI,91,91.7,-1.4,0.6
937,Jake Irvin,663623,SL,1,80.5,0.3,0.4
938,Jakob Junis,596001,CH,30,84.4,-0.9,0.3
939,Jakob Junis,596001,FF,13,89.8,-0.4,1.1
940,Jakob Junis,596001,SI,39,89.7,-1.3,0.6
941,Jakob Junis,596001,SL,88,82.0,0.8,0.4
942,Jalen Beeks,656222,CH,92,89.0,1.4,0.8
943,Jalen Beeks,656222,FC,39,83.5,-0.2,-0.1
944,Jalen Beeks,656222,FF,90,94.8,0.5,1.4
945,Jameson Taillon,592791,CH,29,84.2,-1.3,0.6
946,Jameson Taillon,592791,CU,67,79.7,0.8,-0.8
947,Jameson Taillon,592791,FC,61,86.2,0.4,0.8
948,Jameson Taillon,592791,FF,191,92.6,-0.7,1.5
949,Jameson Taillon,592791,SI,23,92.5,-1.2,1.2
950,Jameson Taillon,592791,ST,64,79.9,1.3,-0.0
951,Jared Koenig,657649,CH,8,86.6,1.3,0.4
952,Jared Koenig,657649,CU,28,81.1,-1.1,-0.8
953,Jared Koenig,657649,FC,25,91.3,0.0,0.9
954,Jared Koenig,657649,SI,129,95.0,1.3,0.9
955,Jared Shuster,694363,CH,24,83.5,1.0,-0.0
956,Jared Shuster,694363,FF,20,92.2,0.9,1.2
957,Jared Shuster,694363,SI,4,91.2,1.4,0.6
958,Jared Shuster,694363,SL,21,85.0,-0.2,0.4
959,Jason Adam,592094,CH,76,88.1,-1.3,0.3
960,Jason Adam,592094,FC,2,86.2,0.2,0.4
961,Jason Adam,592094,FF,42,94.7,-0.7,1.6
962,Jason Adam,592094,SL,60,84.4,0.1,-0.0
963,Jason Adam,592094,ST,29,77.6,1.3,-0.2
964,Jason Alexander,669920,CH,14,79.6,-1.3,0.1
965,Jason Alexander,669920,FF,2,92.0,-1.2,1.0
966,Jason Alexander,669920,SI,21,90.9,-1.2,0.1
967,Jason Alexander,669920,ST,11,79.3,1.2,0.3
968,Javier Sanoja,691594,FF,6,64.1,-0.8,1.1
969,Javier Sanoja,691594,SL,1,62.6,-0.6,1.2
970,Jeff Hoffman,656546,FF,67,96.8,-1.0,1.5
971,Jeff Hoffman,656546,FS,52,90.9,-1.4,0.5
972,Jeff Hoffman,656546,SI,13,97.3,-1.3,1.2
973,Jeff Hoffman,656546,SL,46,88.4,0.3,0.0
974,Jeffrey Springs,605488,CH,108,79.9,1.1,0.5
975,Jeffrey Springs,605488,FC,3,85.5,0.3,0.6
976,Jeffrey Springs,605488,FF,189,90.0,0.9,1.4
977,Jeffrey Springs,605488,SL,115,83.4,-0.4,0.2
978,Jeffrey Springs,605488,ST,14,77.8,-1.1,0.4
979,Jeremiah Estrada,669093,FF,102,97.6,-0.3,1.7
980,Jeremiah Estrada,669093,FS,32,82.8,-0.9,0.9
981,Jeremiah Estrada,669093,SL,27,89.1,0.4,0.3
982,Jesse Chavez,445926,CH,14,83.9,-1.3,0.1
983,Jesse Chavez,445926,CU,9,73.8,1.4,-0.7
984,Jesse Chavez,445926,FC,25,87.4,-0.2,1.0
985,Jesse Chavez,445926,SI,21,89.4,-1.4,0.6
986,Jesse Hahn,534910,CU,7,79.2,1.4,-1.1
987,Jesse Hahn,534910,SI,34,95.0,-1.5,0.5
988,Jesse Hahn,534910,ST,10,82.2,1.7,-0.4
989,Jesus Luzardo,666200,CH,78,88.4,1.4,0.6
990,Jesus Luzardo,666200,FF,168,96.4,1.0,1.2
991,Jesus Luzardo,666200,SI,54,96.0,1.4,0.7
992,Jesus Luzardo,666200,SL,57,86.5,0.0,0.2
993,Jesus Luzardo,666200,ST,109,86.0,-0.7,0.1
994,Jesus Tinoco,622786,CH,17,89.5,-1.5,0.2
995,Jesus Tinoco,622786,FF,5,94.9,-1.1,1.2
996,Jesus Tinoco,622786,SI,39,95.1,-1.6,0.5
997,Jesus Tinoco,622786,SL,44,84.6,0.7,0.3
998,Jhoan Duran,661395,CU,38,86.9,0.5,-0.9
999,Jhoan Duran,661395,FF,63,100.3,-1.1,1.0
1000,Jhoan Duran,661395,FS,61,97.7,-1.2,0.1
1001,Jhoan Duran,661395,ST,8,87.3,1.0,-0.2
1002,Jhonathan Diaz,646242,CH,5,81.8,1.0,0.2
1003,Jhonathan Diaz,646242,CU,3,71.6,-1.2,-1.3
1004,Jhonathan Diaz,646242,FF,3,89.6,0.8,1.2
1005,Jhonathan Diaz,646242,SI,3,87.8,1.2,0.3
1006,Jhonathan Diaz,646242,SL,12,78.5,-1.5,0.0
1007,Jhonny Pereda,640902,CH,10,74.9,-1.3,0.8
1008,Jhonny Pereda,640902,CU,1,44.0,0.3,1.1
1009,Jhonny Pereda,640902,FF,3,87.7,-0.8,1.4
1010,Jhonny Pereda,640902,SL,3,64.2,-0.1,1.5
1011,Jimmy Herget,623474,CH,1,88.2,-1.4,-0.2
1012,Jimmy Herget,623474,CU,42,77.7,1.5,0.3
1013,Jimmy Herget,623474,FF,6,92.8,-1.0,0.8
1014,Jimmy Herget,623474,SI,59,92.0,-1.3,-0.1
1015,Jimmy Herget,623474,SL,61,84.8,0.2,0.2
1016,JoJo Romero,668941,CH,31,87.8,1.4,0.2
1017,JoJo Romero,668941,FF,14,94.0,0.9,1.1
1018,JoJo Romero,668941,SI,48,92.8,1.6,0.2
1019,JoJo Romero,668941,SL,42,82.6,-1.0,0.0
1020,Joe Boyle,671212,FF,39,98.0,-0.6,1.3
1021,Joe Boyle,671212,FS,13,93.0,-1.3,0.2
1022,Joe Boyle,671212,SL,22,90.4,0.2,0.2
1023,Joe Mantiply,573009,CH,38,80.7,1.3,-0.3
1024,Joe Mantiply,573009,CU,58,78.7,-0.8,-0.3
1025,Joe Mantiply,573009,FF,4,88.2,1.1,0.8
1026,Joe Mantiply,573009,SI,50,88.5,1.6,0.2
1027,Joe Ross,605452,CH,16,90.1,-1.5,0.5
1028,Joe Ross,605452,CU,14,83.4,0.1,-0.4
1029,Joe Ross,605452,FF,56,93.9,-0.4,1.1
1030,Joe Ross,605452,SI,70,94.4,-1.2,0.9
1031,Joe Ross,605452,SL,43,87.2,0.2,0.3
1032,Joe Ryan,657746,FF,258,92.7,-1.1,1.1
1033,Joe Ryan,657746,FS,70,87.0,-1.1,-0.1
1034,Joe Ryan,657746,SI,29,92.3,-1.4,0.6
1035,Joe Ryan,657746,SL,26,85.2,0.1,0.4
1036,Joe Ryan,657746,ST,60,79.8,1.4,0.1
1037,Joel Payamps,606303,CH,2,89.6,-1.4,0.3
1038,Joel Payamps,606303,FF,57,94.6,-0.6,1.3
1039,Joel Payamps,606303,SI,29,94.6,-1.3,0.7
1040,Joel Payamps,606303,SL,62,82.9,1.3,-0.2
1041,Joey Cantillo,676282,CH,93,78.1,0.9,1.0
1042,Joey Cantillo,676282,CU,23,76.7,-0.7,-1.7
1043,Joey Cantillo,676282,FF,94,91.7,0.6,1.5
1044,Joey Cantillo,676282,SL,21,85.5,-0.5,0.6
1045,Joey Estes,683155,CH,10,83.6,-1.1,0.6
1046,Joey Estes,683155,FF,79,90.7,-0.5,1.3
1047,Joey Estes,683155,SI,11,89.7,-1.2,1.1
1048,Joey Estes,683155,SL,24,82.3,0.5,0.2
1049,Joey Estes,683155,ST,22,76.9,1.3,0.4
1050,Joey Wentz,666214,CH,1,87.0,1.0,1.1
1051,Joey Wentz,666214,CU,35,80.4,-0.6,-0.5
1052,Joey Wentz,666214,FC,82,87.4,-0.1,0.5
1053,Joey Wentz,666214,FF,110,93.8,0.5,1.5
1054,John Brebbia,605154,CH,19,86.3,-1.4,0.7
1055,John Brebbia,605154,CU,2,75.0,0.6,-0.5
1056,John Brebbia,605154,FF,67,91.9,-0.9,1.3
1057,John Brebbia,605154,SL,71,84.1,0.5,0.4
1058,John King,667463,CH,26,85.7,1.3,0.1
1059,John King,667463,FF,3,93.1,1.0,0.8
1060,John King,667463,SI,92,92.7,1.2,0.2
1061,John King,667463,SL,7,84.3,-0.4,-0.1
1062,John Schreiber,670167,FC,40,88.9,0.0,0.5
1063,John Schreiber,670167,FF,40,92.7,-0.8,0.9
1064,John Schreiber,670167,SI,39,92.5,-1.4,-0.0
1065,John Schreiber,670167,ST,50,81.8,1.3,0.1
1066,Jonathan Cannon,686563,CH,96,85.2,-1.3,0.1
1067,Jonathan Cannon,686563,FC,120,89.1,0.1,0.8
1068,Jonathan Cannon,686563,FF,75,93.9,-0.7,1.3
1069,Jonathan Cannon,686563,SI,95,93.2,-1.3,0.4
1070,Jonathan Cannon,686563,ST,67,81.0,1.4,0.2
1071,Jordan Hicks,663855,FF,36,97.1,-0.8,1.1
1072,Jordan Hicks,663855,FS,33,89.1,-0.8,-0.1
1073,Jordan Hicks,663855,SI,279,97.6,-1.4,0.6
1074,Jordan Hicks,663855,ST,117,82.9,0.8,0.2
1075,Jordan Leasure,673929,FF,103,96.0,-0.4,1.6
1076,Jordan Leasure,673929,FS,5,87.4,-0.6,1.2
1077,Jordan Leasure,673929,SL,74,87.6,0.6,0.4
1078,Jordan Romano,605447,FF,67,95.4,-0.6,1.5
1079,Jordan Romano,605447,SL,98,85.8,0.2,-0.1
1080,Jordan Wicks,696136,CH,4,82.1,1.1,0.3
1081,Jordan Wicks,696136,FF,13,94.1,0.2,1.3
1082,Jordan Wicks,696136,SI,7,93.1,1.2,0.8
1083,Jordan Wicks,696136,ST,12,82.6,-1.1,-0.1
1084,Jorge Alcala,660896,CH,18,90.8,-1.3,1.0
1085,Jorge Alcala,660896,CU,27,84.6,0.3,-0.3
1086,Jorge Alcala,660896,FF,92,96.9,-0.8,1.5
1087,Jorge Alcala,660896,SI,25,96.1,-1.2,1.1
1088,Jorge Alcala,660896,SL,44,89.6,0.3,0.5
1089,Jorge Lopez,605347,CH,15,86.2,-1.3,0.4
1090,Jorge Lopez,605347,CU,23,80.8,0.8,-1.1
1091,Jorge Lopez,605347,FF,36,94.2,-0.9,1.2
1092,Jorge Lopez,605347,SI,55,94.3,-1.4,0.7
1093,Jorge Lopez,605347,SL,36,85.2,0.6,0.2
1094,Jorge Mateo,622761,EP,13,61.0,-0.6,0.5
1095,Jorge Mateo,622761,FF,22,68.4,-0.8,1.5
1096,Jose A. Ferrer,678606,CH,47,86.9,1.6,0.1
1097,Jose A. Ferrer,678606,FF,3,96.5,1.1,0.5
1098,Jose A. Ferrer,678606,SI,147,97.0,1.5,0.6
1099,Jose A. Ferrer,678606,SL,32,89.4,0.1,0.4
1100,Jose Alvarado,621237,CU,16,84.9,0.1,-0.8
1101,Jose Alvarado,621237,FC,65,93.9,-0.1,0.5
1102,Jose Alvarado,621237,FF,6,99.6,0.5,1.3
1103,Jose Alvarado,621237,SI,131,99.7,1.2,1.1
1104,Jose Berrios,621244,CH,84,85.9,-1.2,0.4
1105,Jose Berrios,621244,FC,30,89.6,0.1,0.7
1106,Jose Berrios,621244,FF,111,93.3,-0.8,1.3
1107,Jose Berrios,621244,SI,170,92.7,-1.4,0.9
1108,Jose Berrios,621244,SV,135,82.9,1.3,-0.3
1109,Jose Butto,676130,CH,38,87.5,-0.6,0.3
1110,Jose Butto,676130,FF,62,94.7,-0.2,1.3
1111,Jose Butto,676130,SI,45,94.0,-1.2,0.9
1112,Jose Butto,676130,SL,64,85.8,0.2,-0.0
1113,Jose Butto,676130,ST,18,83.4,1.2,-0.4
1114,Jose Leclerc,600917,CH,43,86.5,-0.7,1.0
1115,Jose Leclerc,600917,CU,8,78.6,1.2,-0.4
1116,Jose Leclerc,600917,FC,33,88.8,0.4,0.5
1117,Jose Leclerc,600917,FF,78,94.2,-0.1,1.5
1118,Jose Leclerc,600917,SI,19,93.7,-1.0,0.8
1119,Jose Leclerc,600917,SL,48,80.7,0.9,0.2
1120,Jose Quintana,500779,CH,68,85.5,1.3,0.3
1121,Jose Quintana,500779,CU,35,77.8,-0.5,-0.6
1122,Jose Quintana,500779,FF,29,89.9,0.4,1.4
1123,Jose Quintana,500779,SI,124,90.4,1.2,1.0
1124,Jose Quintana,500779,SV,18,78.5,-0.8,0.0
1125,Jose Ruiz,614179,CH,33,89.0,-1.3,0.6
1126,Jose Ruiz,614179,CU,50,85.3,0.2,-0.3
1127,Jose Ruiz,614179,FF,64,95.5,-0.5,1.5
1128,Jose Ruiz,614179,SI,24,95.1,-1.3,1.1
1129,Jose Soriano,667755,CU,105,84.7,1.1,-0.9
1130,Jose Soriano,667755,FF,18,97.2,-0.8,1.1
1131,Jose Soriano,667755,FS,23,91.9,-0.9,0.1
1132,Jose Soriano,667755,SI,240,96.6,-1.1,0.3
1133,Jose Soriano,667755,SL,43,87.5,0.2,-0.2
1134,Jose Suarez,660761,CH,35,83.3,1.2,0.2
1135,Jose Suarez,660761,CU,1,75.4,-1.4,-0.1
1136,Jose Suarez,660761,FF,57,93.1,0.7,1.5
1137,Jose Suarez,660761,SL,30,83.5,-0.6,0.1
1138,Josh Hader,623352,CH,8,88.0,1.1,0.6
1139,Josh Hader,623352,SI,112,95.0,0.8,1.6
1140,Josh Hader,623352,SL,78,82.5,-0.3,0.0
1141,Josh Walker,677020,CU,21,84.4,-0.5,0.4
1142,Josh Walker,677020,FF,17,93.0,0.4,1.4
1143,Josh Winckowski,670174,CH,33,91.8,-1.5,0.5
1144,Josh Winckowski,670174,FC,47,89.6,0.4,0.2
1145,Josh Winckowski,670174,FF,61,94.7,-0.4,1.3
1146,Josh Winckowski,670174,SI,39,94.7,-1.4,0.8
1147,Josh Winckowski,670174,SL,27,86.2,0.4,-0.1
1148,Juan Mejia,675848,FF,7,94.3,-0.0,1.1
1149,Juan Mejia,675848,SL,12,82.9,1.2,-0.2
1150,Juan Morillo,666661,CH,5,90.7,-1.3,0.8
1151,Juan Morillo,666661,FF,44,98.7,-0.4,1.4
1152,Juan Morillo,666661,SI,6,99.1,-1.1,1.1
1153,Juan Morillo,666661,SL,12,87.0,0.6,-0.3
1154,Julian Merryweather,657240,CH,3,79.5,-0.6,1.4
1155,Julian Merryweather,657240,FF,71,96.2,-0.5,1.4
1156,Julian Merryweather,657240,SL,90,84.8,0.0,-0.2
1157,Justin Hagenman,663795,CH,15,86.0,-1.3,-0.0
1158,Justin Hagenman,663795,FC,13,85.6,0.0,0.8
1159,Justin Hagenman,663795,SI,19,91.7,-1.1,1.2
1160,Justin Hagenman,663795,SL,3,83.1,0.4,-0.0
1161,Justin Lawrence,664875,FF,11,95.0,-1.2,0.7
1162,Justin Lawrence,664875,SI,70,95.0,-1.4,-0.1
1163,Justin Lawrence,664875,ST,91,83.2,1.3,0.4
1164,Justin Martinez,679885,FF,22,100.8,-1.0,1.2
1165,Justin Martinez,679885,FS,33,88.9,-0.8,0.0
1166,Justin Martinez,679885,SI,48,100.4,-1.3,0.7
1167,Justin Martinez,679885,SL,11,91.9,-0.0,0.7
1168,Justin Slaten,686580,CU,22,85.1,0.4,-1.4
1169,Justin Slaten,686580,FC,34,92.5,0.4,0.6
1170,Justin Slaten,686580,FF,45,97.0,-0.2,1.6
1171,Justin Slaten,686580,ST,12,84.8,1.2,-0.0
1172,Justin Steele,657006,CH,8,84.9,1.2,0.8
1173,Justin Steele,657006,CU,12,79.4,-0.9,-0.6
1174,Justin Steele,657006,FF,176,90.8,0.1,1.2
1175,Justin Steele,657006,SI,20,90.4,1.1,0.8
1176,Justin Steele,657006,SL,97,81.5,-1.1,-0.0
1177,Justin Sterner,686993,FC,61,87.4,0.4,0.5
1178,Justin Sterner,686993,FF,123,93.5,-0.7,1.5
1179,Justin Sterner,686993,ST,36,80.7,1.3,0.1
1180,Justin Topa,623437,CH,21,85.2,-1.0,-0.4
1181,Justin Topa,623437,FC,44,90.3,-0.1,0.5
1182,Justin Topa,623437,SI,56,93.7,-1.5,0.0
1183,Justin Topa,623437,ST,53,81.9,1.1,0.3
1184,Justin Verlander,434378,CH,41,85.1,-1.1,0.8
1185,Justin Verlander,434378,CU,52,78.7,0.5,-1.0
1186,Justin Verlander,434378,FF,209,94.6,-0.7,1.6
1187,Justin Verlander,434378,SL,99,87.8,0.3,0.6
1188,Justin Verlander,434378,ST,41,79.4,1.1,-0.2
1189,Justin Wilson,458677,FC,29,91.4,-0.2,1.2
1190,Justin Wilson,458677,FF,65,94.4,0.5,1.7
1191,Justin Wilson,458677,FS,6,83.5,0.9,0.2
1192,Justin Wilson,458677,SL,30,87.0,-0.2,0.2
1193,Justin Wrobleski,680736,CU,28,79.8,-0.6,-0.8
1194,Justin Wrobleski,680736,FC,3,90.9,0.1,1.0
1195,Justin Wrobleski,680736,FF,40,93.1,0.7,1.5
1196,Justin Wrobleski,680736,SI,4,93.0,1.3,1.0
1197,Justin Wrobleski,680736,SL,12,85.9,-0.3,0.1
1198,Keegan Akin,669211,CH,26,84.6,1.5,0.7
1199,Keegan Akin,669211,FF,91,92.4,1.1,1.4
1200,Keegan Akin,669211,SL,55,83.9,-0.4,0.2
1201,Keider Montero,672456,CH,22,86.7,-1.2,0.6
1202,Keider Montero,672456,CU,12,77.7,1.2,-1.0
1203,Keider Montero,672456,FF,41,93.7,-0.3,1.3
1204,Keider Montero,672456,SI,45,93.5,-1.2,0.8
1205,Keider Montero,672456,SL,56,84.1,1.0,0.2
1206,Keider Montero,672456,ST,1,83.7,2.4,-0.2
1207,Kenley Jansen,445276,FC,99,92.4,0.2,1.6
1208,Kenley Jansen,445276,SI,10,92.5,-0.6,1.5
1209,Kenley Jansen,445276,SL,12,82.1,1.0,0.2
1210,Kenta Maeda,628317,CU,2,81.6,0.2,-0.7
1211,Kenta Maeda,628317,FC,2,84.9,-0.0,0.3
1212,Kenta Maeda,628317,FF,29,90.3,-0.4,1.2
1213,Kenta Maeda,628317,FS,50,84.5,-0.8,-0.0
1214,Kenta Maeda,628317,SI,8,90.0,-1.3,0.6
1215,Kenta Maeda,628317,SL,11,82.0,0.6,0.4
1216,Kenta Maeda,628317,ST,32,80.0,1.0,0.3
1217,Kevin Gausman,592332,FF,257,94.4,-1.0,1.5
1218,Kevin Gausman,592332,FS,155,86.6,-1.5,0.5
1219,Kevin Gausman,592332,SL,59,84.1,0.1,0.3
1220,Kevin Kelly,687330,FC,6,88.5,-0.1,0.6
1221,Kevin Kelly,687330,FF,4,92.4,-0.9,1.0
1222,Kevin Kelly,687330,SI,40,90.4,-1.5,-0.0
1223,Kevin Kelly,687330,ST,17,77.4,1.5,0.5
1224,Kirby Yates,489446,FF,92,92.5,-1.2,1.2
1225,Kirby Yates,489446,FS,102,85.4,-1.1,-0.1
1226,Kodai Senga,673540,CU,7,69.2,0.5,-0.9
1227,Kodai Senga,673540,FC,78,90.1,-0.1,0.8
1228,Kodai Senga,673540,FF,138,94.9,-0.7,1.4
1229,Kodai Senga,673540,FO,119,83.0,-0.8,0.0
1230,Kodai Senga,673540,SI,22,89.4,-1.3,0.6
1231,Kodai Senga,673540,SL,21,83.1,0.2,0.0
1232,Kodai Senga,673540,ST,33,79.8,0.7,-0.2
1233,Kody Funderburk,681892,CH,15,88.3,1.3,-0.2
1234,Kody Funderburk,681892,FC,30,91.0,-0.0,1.0
1235,Kody Funderburk,681892,SI,20,92.4,1.4,0.6
1236,Kody Funderburk,681892,SL,14,80.7,-1.2,-0.3
1237,Kris Bubic,663460,CH,74,85.0,0.9,-0.0
1238,Kris Bubic,663460,FF,203,92.2,0.4,1.6
1239,Kris Bubic,663460,SI,18,91.3,1.2,0.8
1240,Kris Bubic,663460,SL,70,85.7,-0.1,0.1
1241,Kris Bubic,663460,ST,106,82.8,-1.2,-0.4
1242,Kumar Rocker,677958,CH,21,87.8,-1.3,0.5
1243,Kumar Rocker,677958,CU,20,76.6,0.8,-0.9
1244,Kumar Rocker,677958,FC,1,89.7,0.2,0.3
1245,Kumar Rocker,677958,FF,68,95.4,-0.9,1.0
1246,Kumar Rocker,677958,SI,113,95.2,-1.4,0.5
1247,Kumar Rocker,677958,SL,137,84.0,0.2,-0.1
1248,Kyle Finnegan,640448,FF,114,95.9,-0.8,1.4
1249,Kyle Finnegan,640448,FS,71,87.1,-0.9,0.4
1250,Kyle Finnegan,640448,SL,2,83.8,0.2,-0.0
1251,Kyle Freeland,607536,CH,45,86.1,1.0,0.5
1252,Kyle Freeland,607536,CU,71,83.6,-0.2,-0.5
1253,Kyle Freeland,607536,FC,58,88.0,0.0,0.6
1254,Kyle Freeland,607536,FF,78,91.8,0.6,1.3
1255,Kyle Freeland,607536,SI,114,91.6,1.2,0.7
1256,Kyle Freeland,607536,ST,98,84.3,-0.7,-0.2
1257,Kyle Hart,606996,CH,70,83.1,1.5,0.5
1258,Kyle Hart,606996,FF,56,90.8,0.7,1.3
1259,Kyle Hart,606996,SI,65,90.4,1.4,0.7
1260,Kyle Hart,606996,SL,38,86.4,-0.1,0.7
1261,Kyle Hart,606996,ST,113,80.5,-1.2,0.4
1262,Kyle Hendricks,543294,CH,157,79.3,-0.8,0.7
1263,Kyle Hendricks,543294,CU,41,72.3,1.4,-1.0
1264,Kyle Hendricks,543294,FF,71,86.6,-0.4,1.2
1265,Kyle Hendricks,543294,SI,143,86.1,-1.2,0.6
1266,Kyle Leahy,681517,CH,29,89.1,-0.8,0.4
1267,Kyle Leahy,681517,CU,22,82.2,0.8,-1.2
1268,Kyle Leahy,681517,FF,81,94.6,-0.2,1.4
1269,Kyle Leahy,681517,SI,17,94.4,-1.1,1.0
1270,Kyle Leahy,681517,SL,57,89.8,0.4,0.4
1271,Kyle Leahy,681517,ST,35,86.4,1.2,0.4
1272,Kyle Nicolas,693312,CU,28,82.7,0.8,-1.2
1273,Kyle Nicolas,693312,FF,37,96.5,-0.5,1.5
1274,Kyle Nicolas,693312,SL,29,89.3,0.4,-0.0
1275,Lake Bachar,669199,FF,81,93.8,-0.8,1.6
1276,Lake Bachar,669199,FS,18,83.2,-1.0,0.7
1277,Lake Bachar,669199,SL,42,87.3,0.3,0.0
1278,Lake Bachar,669199,ST,65,85.7,1.1,-0.0
1279,Landen Roupp,694738,CH,52,87.7,-1.4,-0.1
1280,Landen Roupp,694738,CU,184,76.8,1.6,-0.6
1281,Landen Roupp,694738,FC,24,90.0,-0.1,0.6
1282,Landen Roupp,694738,SI,179,93.2,-1.5,0.4
1283,Landon Knack,689017,CH,38,84.8,-1.2,0.4
1284,Landon Knack,689017,CU,32,80.6,0.7,-1.2
1285,Landon Knack,689017,FF,75,93.3,-0.6,1.7
1286,Landon Knack,689017,SL,19,85.8,0.3,0.2
1287,Liam Hendriks,521230,CU,9,82.2,0.4,-1.0
1288,Liam Hendriks,521230,FF,34,95.2,-0.6,1.5
1289,Liam Hendriks,521230,SL,20,86.0,0.2,0.2
1290,Logan Allen,671106,CH,59,83.0,0.4,0.4
1291,Logan Allen,671106,FC,47,84.7,-0.5,0.4
1292,Logan Allen,671106,FF,115,90.5,0.5,1.3
1293,Logan Allen,671106,SI,41,88.5,1.1,0.6
1294,Logan Allen,671106,ST,100,77.9,-1.3,0.2
1295,Logan Gilbert,669302,CU,55,83.4,1.1,-0.2
1296,Logan Gilbert,669302,FF,152,95.6,-0.8,1.4
1297,Logan Gilbert,669302,FS,113,82.7,-0.3,-0.0
1298,Logan Gilbert,669302,SI,7,94.4,-1.3,1.0
1299,Logan Gilbert,669302,SL,143,88.0,0.0,0.1
1300,Logan Gillaspie,670810,CH,16,87.9,-1.2,0.5
1301,Logan Gillaspie,670810,CU,12,82.7,0.3,-0.8
1302,Logan Gillaspie,670810,FC,11,91.4,0.0,0.8
1303,Logan Gillaspie,670810,FF,42,94.7,-0.4,1.3
1304,Logan Gillaspie,670810,SI,3,95.1,-1.0,0.9
1305,Logan Gillaspie,670810,SL,23,85.8,0.3,0.1
1306,Logan Gillaspie,670810,ST,2,82.8,1.2,-0.1
1307,Logan Henderson,701656,CH,33,81.8,-1.5,0.4
1308,Logan Henderson,701656,FC,4,88.5,-0.0,1.2
1309,Logan Henderson,701656,FF,44,92.5,-0.8,1.5
1310,Logan Henderson,701656,SL,2,84.3,0.1,-0.2
1311,Logan VanWey,701121,CH,9,87.6,-1.3,0.1
1312,Logan VanWey,701121,FC,2,84.6,-0.0,0.3
1313,Logan VanWey,701121,FF,23,92.9,-1.0,1.1
1314,Logan VanWey,701121,SI,8,91.3,-1.3,0.4
1315,Logan VanWey,701121,ST,18,82.2,0.9,0.6
1316,Logan Webb,657277,CH,99,86.6,-0.8,-0.4
1317,Logan Webb,657277,FC,58,90.7,-0.2,0.6
1318,Logan Webb,657277,FF,35,93.0,-0.8,0.9
1319,Logan Webb,657277,SI,229,92.7,-1.4,0.1
1320,Logan Webb,657277,ST,162,84.8,1.2,-0.1
1321,Lou Trivino,642152,CH,38,86.7,-1.4,0.3
1322,Lou Trivino,642152,FC,33,92.1,0.2,0.9
1323,Lou Trivino,642152,FF,27,94.6,-0.7,1.2
1324,Lou Trivino,642152,SI,64,94.9,-1.3,0.9
1325,Lou Trivino,642152,ST,21,80.4,1.4,0.1
1326,Louis Varland,686973,CH,19,91.2,-1.2,0.5
1327,Louis Varland,686973,CU,51,88.3,0.3,-0.5
1328,Louis Varland,686973,FF,88,98.1,-0.6,1.3
1329,Louis Varland,686973,SI,18,97.0,-1.2,1.1
1330,Louis Varland,686973,SL,19,91.0,0.3,0.5
1331,Luarbert Arias,678215,FF,41,93.8,-1.1,1.3
1332,Luarbert Arias,678215,FS,21,83.2,-0.6,0.5
1333,Luarbert Arias,678215,SL,50,82.3,0.5,0.3
1334,Lucas Erceg,668674,CH,21,90.3,-1.5,0.6
1335,Lucas Erceg,668674,FF,61,97.7,-0.9,1.3
1336,Lucas Erceg,668674,SI,35,97.4,-1.3,0.8
1337,Lucas Erceg,668674,SL,29,84.8,-0.0,-0.1
1338,Lucas Sims,608371,CU,12,82.2,1.0,-0.6
1339,Lucas Sims,608371,FC,2,89.4,0.3,0.9
1340,Lucas Sims,608371,FF,64,95.3,-0.6,1.5
1341,Lucas Sims,608371,FS,1,86.2,-1.1,0.3
1342,Lucas Sims,608371,SI,9,95.2,-1.2,1.1
1343,Lucas Sims,608371,SL,6,86.5,0.7,0.7
1344,Lucas Sims,608371,ST,86,84.6,1.4,0.3
1345,Luis Castillo,622491,CH,61,87.5,-1.5,0.0
1346,Luis Castillo,622491,FF,226,94.7,-1.1,1.1
1347,Luis Castillo,622491,SI,102,94.8,-1.6,0.4
1348,Luis Castillo,622491,SL,85,84.4,0.0,-0.0
1349,Luis Contreras,664351,CH,32,83.8,-1.0,0.7
1350,Luis Contreras,664351,FF,84,91.5,-0.0,1.6
1351,Luis Contreras,664351,SI,2,90.4,-0.9,1.2
1352,Luis Contreras,664351,SL,37,85.6,0.5,0.6
1353,Luis Contreras,664351,ST,17,79.0,1.4,0.2
1354,Luis F. Castillo,622379,CH,22,86.3,-1.4,-0.2
1355,Luis F. Castillo,622379,FF,70,92.3,-1.0,0.8
1356,Luis F. Castillo,622379,SI,34,91.2,-1.5,0.2
1357,Luis F. Castillo,622379,SL,42,80.7,1.1,0.1
1358,Luis Garcia,472610,FC,9,86.1,0.0,0.2
1359,Luis Garcia,472610,FF,4,95.8,-0.5,1.3
1360,Luis Garcia,472610,FS,57,86.7,-0.6,0.3
1361,Luis Garcia,472610,SI,83,95.6,-1.2,0.8
1362,Luis Garcia,472610,SL,15,82.8,0.8,0.2
1363,Luis Garcia,472610,ST,78,81.8,1.1,0.2
1364,Luis Guerrero,692285,CH,3,87.3,-1.5,0.3
1365,Luis Guerrero,692285,FF,7,96.1,-0.8,1.2
1366,Luis Guerrero,692285,SL,8,85.3,0.4,-0.2
1367,Luis Guerrero,692285,ST,1,81.8,1.3,0.1
1368,Luis L. Ortiz,682847,CH,54,89.4,-1.3,0.1
1369,Luis L. Ortiz,682847,FC,104,91.1,0.1,0.7
1370,Luis L. Ortiz,682847,FF,152,96.1,-1.0,1.1
1371,Luis L. Ortiz,682847,SI,56,94.9,-1.3,0.3
1372,Luis L. Ortiz,682847,SL,101,85.3,0.5,0.0
1373,Luis Peralta,678821,CH,9,86.7,1.0,0.9
1374,Luis Peralta,678821,CU,46,80.8,-0.8,-0.2
1375,Luis Peralta,678821,FF,137,94.3,1.1,1.2
1376,Luis Severino,622663,CH,23,85.6,-1.3,0.4
1377,Luis Severino,622663,FC,89,92.7,0.0,0.7
1378,Luis Severino,622663,FF,162,95.9,-0.6,1.4
1379,Luis Severino,622663,SI,148,95.6,-1.2,1.0
1380,Luis Severino,622663,SL,13,86.7,0.5,0.1
1381,Luis Severino,622663,ST,147,84.9,1.3,0.2
1382,Luke Jackson,592426,CU,25,83.9,0.3,-1.0
1383,Luke Jackson,592426,FF,42,94.5,-0.4,1.5
1384,Luke Jackson,592426,SL,71,87.4,0.0,-0.5
1385,Luke Little,681432,FF,19,95.4,0.4,0.8
1386,Luke Little,681432,ST,15,83.2,-1.3,0.1
1387,Luke Weaver,596133,CH,59,86.3,-1.1,0.5
1388,Luke Weaver,596133,FC,14,90.4,-0.0,1.4
1389,Luke Weaver,596133,FF,96,93.6,-0.5,1.6
1390,Luke Weaver,596133,SL,15,86.8,0.3,1.0
1391,MacKenzie Gore,669022,CH,52,85.8,1.1,0.7
1392,MacKenzie Gore,669022,CU,132,82.0,-0.3,-1.0
1393,MacKenzie Gore,669022,FC,41,89.9,-0.1,0.6
1394,MacKenzie Gore,669022,FF,297,95.4,0.5,1.5
1395,MacKenzie Gore,669022,SL,74,86.4,-0.2,0.1
1396,Manuel Rodriguez,655889,FF,23,96.6,-0.3,1.3
1397,Manuel Rodriguez,655889,SI,57,97.3,-1.2,0.8
1398,Manuel Rodriguez,655889,SL,75,89.5,0.3,-0.1
1399,Marc Church,687847,CH,3,91.3,-1.0,0.8
1400,Marc Church,687847,FF,47,96.1,-0.2,1.5
1401,Marc Church,687847,SL,49,86.7,0.2,0.4
1402,Marcus Stroman,573186,CU,5,77.9,1.2,-0.6
1403,Marcus Stroman,573186,FC,27,88.8,0.0,0.8
1404,Marcus Stroman,573186,FF,19,89.5,-0.4,1.2
1405,Marcus Stroman,573186,FS,15,85.8,-1.2,0.1
1406,Marcus Stroman,573186,SI,73,89.7,-1.1,0.3
1407,Marcus Stroman,573186,SL,23,84.3,0.5,-0.3
1408,Marcus Stroman,573186,SV,39,81.5,1.6,-0.1
1409,Mark Leiter Jr.,643410,CU,45,74.1,0.7,-1.5
1410,Mark Leiter Jr.,643410,FC,11,90.8,0.1,0.7
1411,Mark Leiter Jr.,643410,FS,60,85.9,-0.7,0.5
1412,Mark Leiter Jr.,643410,SI,58,93.6,-1.2,1.1
1413,Mark Leiter Jr.,643410,ST,1,81.3,0.1,-0.5
1414,Martin Perez,527048,CH,89,81.4,1.3,0.9
1415,Martin Perez,527048,CU,22,75.6,-0.5,-0.3
1416,Martin Perez,527048,FC,118,85.2,-0.0,1.0
1417,Martin Perez,527048,FF,8,88.8,0.8,1.3
1418,Martin Perez,527048,SI,81,88.3,1.4,0.9
1419,Mason Englert,669438,CH,59,87.7,-1.0,0.0
1420,Mason Englert,669438,CU,11,78.2,1.0,-1.0
1421,Mason Englert,669438,FC,56,88.2,0.2,0.4
1422,Mason Englert,669438,FF,28,93.8,-0.7,1.4
1423,Mason Englert,669438,SI,40,93.0,-1.2,0.6
1424,Mason Englert,669438,ST,3,80.9,1.1,-0.1
1425,Mason Englert,669438,SV,4,81.4,0.5,-0.2
1426,Mason Fluharty,689254,FC,89,89.6,-0.3,0.9
1427,Mason Fluharty,689254,ST,53,81.0,-1.5,0.3
1428,Mason Miller,695243,CH,1,91.7,-1.2,0.6
1429,Mason Miller,695243,FF,77,100.6,-0.7,1.4
1430,Mason Miller,695243,SL,51,87.3,0.8,-0.1
1431,Mason Montgomery,682254,FF,77,99.2,0.5,1.6
1432,Mason Montgomery,682254,SL,65,89.7,-0.1,0.1
1433,Matt Bowman,621199,FC,59,88.6,0.2,0.6
1434,Matt Bowman,621199,FS,13,84.9,-0.7,-0.0
1435,Matt Bowman,621199,SI,82,91.4,-1.5,0.3
1436,Matt Bowman,621199,ST,30,83.1,1.0,0.5
1437,Matt Sauer,669422,CH,1,86.6,-1.1,0.4
1438,Matt Sauer,669422,CU,7,83.4,0.6,-0.5
1439,Matt Sauer,669422,FC,12,91.0,0.4,0.8
1440,Matt Sauer,669422,FF,1,93.4,-0.4,1.1
1441,Matt Sauer,669422,SI,3,94.4,-1.2,1.1
1442,Matt Strahm,621381,CH,6,83.1,0.8,-0.1
1443,Matt Strahm,621381,FC,28,87.3,0.2,1.0
1444,Matt Strahm,621381,FF,83,91.8,1.2,1.4
1445,Matt Strahm,621381,SI,27,91.9,1.4,0.9
1446,Matt Strahm,621381,SL,47,82.3,-0.6,0.5
1447,Matt Svanson,694335,FC,3,91.1,0.1,0.6
1448,Matt Svanson,694335,SI,10,96.2,-1.4,0.8
1449,Matt Svanson,694335,ST,7,85.7,1.0,0.3
1450,Matthew Boyd,571510,CH,96,79.2,1.2,0.5
1451,Matthew Boyd,571510,CU,40,75.0,-1.1,-0.8
1452,Matthew Boyd,571510,FF,209,93.3,1.0,1.1
1453,Matthew Boyd,571510,SI,15,91.3,1.4,0.7
1454,Matthew Boyd,571510,SL,104,81.4,-0.3,-0.0
1455,Matthew Liberatore,669461,CH,44,89.1,1.3,0.7
1456,Matthew Liberatore,669461,CU,37,77.5,-0.9,-1.5
1457,Matthew Liberatore,669461,FC,58,89.9,-0.2,0.7
1458,Matthew Liberatore,669461,FF,112,94.3,0.6,1.4
1459,Matthew Liberatore,669461,PO,1,84.5,-0.3,-0.0
1460,Matthew Liberatore,669461,SI,64,94.3,1.1,1.2
1461,Matthew Liberatore,669461,SL,127,86.3,-0.4,-0.0
1462,Max Fried,608331,CH,48,83.8,1.1,0.3
1463,Max Fried,608331,CU,76,75.5,-1.0,-1.5
1464,Max Fried,608331,FC,17,86.3,-0.3,0.3
1465,Max Fried,608331,FF,182,93.8,-0.0,0.9
1466,Max Fried,608331,SI,95,93.4,0.8,0.4
1467,Max Fried,608331,SL,5,81.9,-0.6,-0.5
1468,Max Fried,608331,ST,62,79.8,-1.6,-0.7
1469,Max Kranick,668820,CU,22,78.6,1.1,-0.7
1470,Max Kranick,668820,FF,96,95.0,-0.2,1.5
1471,Max Kranick,668820,SI,1,95.1,-0.7,1.4
1472,Max Kranick,668820,SL,83,89.0,0.3,0.8
1473,Max Kranick,668820,ST,12,81.2,1.2,0.4
1474,Max Meyer,676974,CH,72,88.7,-1.4,0.2
1475,Max Meyer,676974,FF,93,95.1,-0.8,1.3
1476,Max Meyer,676974,SI,57,94.1,-1.3,0.5
1477,Max Meyer,676974,SL,185,89.9,0.2,-0.1
1478,Max Meyer,676974,ST,42,86.8,0.9,-0.3
1479,Max Scherzer,453286,CH,7,83.3,-1.3,0.3
1480,Max Scherzer,453286,CU,6,73.9,1.1,-0.8
1481,Max Scherzer,453286,FC,9,86.4,0.2,0.5
1482,Max Scherzer,453286,FF,19,91.9,-1.0,1.4
1483,Max Scherzer,453286,SL,4,84.0,0.4,0.5
1484,Merrill Kelly,518876,CH,96,87.9,-1.3,0.0
1485,Merrill Kelly,518876,CU,48,81.4,0.8,-0.9
1486,Merrill Kelly,518876,FC,61,90.3,-0.1,1.0
1487,Merrill Kelly,518876,FF,124,91.6,-0.7,1.3
1488,Merrill Kelly,518876,SI,58,92.4,-1.3,0.6
1489,Merrill Kelly,518876,SL,36,86.0,0.2,0.3
1490,Michael Darrell-Hicks,690382,FC,37,87.3,0.3,0.3
1491,Michael Darrell-Hicks,690382,SI,48,94.3,-1.4,0.8
1492,Michael Darrell-Hicks,690382,ST,21,83.2,1.2,-0.0
1493,Michael Fulmer,605242,CH,7,89.2,-1.2,0.3
1494,Michael Fulmer,605242,CU,8,80.3,1.4,-0.6
1495,Michael Fulmer,605242,FC,28,88.2,0.5,0.3
1496,Michael Fulmer,605242,FF,11,93.1,-0.0,1.4
1497,Michael Fulmer,605242,SI,8,92.8,-1.1,0.9
1498,Michael Fulmer,605242,ST,1,81.9,1.6,0.2
1499,Michael King,650633,CH,105,86.7,-1.7,0.4
1500,Michael King,650633,FF,113,93.6,-0.6,1.4
1501,Michael King,650633,SI,113,92.4,-1.6,0.4
1502,Michael King,650633,SL,37,84.0,0.4,-0.1
1503,Michael King,650633,ST,97,82.6,1.2,0.3
1504,Michael Lorenzen,547179,CH,81,83.3,-1.3,0.7
1505,Michael Lorenzen,547179,CU,58,81.8,0.2,-1.1
1506,Michael Lorenzen,547179,FC,62,90.7,-0.1,0.8
1507,Michael Lorenzen,547179,FF,136,94.0,-0.9,1.3
1508,Michael Lorenzen,547179,SI,58,93.3,-1.4,0.8
1509,Michael Lorenzen,547179,SL,9,84.5,0.4,0.2
1510,Michael Lorenzen,547179,ST,65,83.3,0.7,-0.1
1511,Michael Petersen,656848,FC,12,90.6,0.2,0.5
1512,Michael Petersen,656848,FF,19,97.1,-0.8,1.5
1513,Michael Petersen,656848,SI,2,97.2,-1.2,1.2
1514,Michael Soroka,647336,CH,8,84.8,-1.5,1.0
1515,Michael Soroka,647336,FF,45,94.1,-0.7,1.3
1516,Michael Soroka,647336,SI,2,94.0,-1.4,0.8
1517,Michael Soroka,647336,SL,28,80.6,0.9,-0.6
1518,Michael Wacha,608379,CH,133,80.6,-1.0,0.8
1519,Michael Wacha,608379,CU,27,75.2,1.2,-1.1
1520,Michael Wacha,608379,FC,55,87.8,0.2,0.8
1521,Michael Wacha,608379,FF,164,93.0,-0.5,1.5
1522,Michael Wacha,608379,SI,31,93.1,-1.1,1.3
1523,Michael Wacha,608379,SL,27,85.2,0.4,0.3
1524,Miguel Rojas,500743,EP,31,46.1,-0.1,1.4
1525,Miguel Rojas,500743,FF,2,63.6,-0.2,1.3
1526,Mike Clevinger,605182,CH,17,87.5,-1.1,0.8
1527,Mike Clevinger,605182,CU,1,79.0,0.7,-0.8
1528,Mike Clevinger,605182,FC,25,89.4,0.3,0.6
1529,Mike Clevinger,605182,FF,46,93.2,-0.5,1.4
1530,Mike Clevinger,605182,SI,3,90.4,-1.3,1.0
1531,Mike Clevinger,605182,ST,22,78.8,1.5,-0.4
1532,Mike Vasil,678024,CH,42,84.7,-0.9,0.0
1533,Mike Vasil,678024,CU,10,79.8,1.0,-1.2
1534,Mike Vasil,678024,FC,44,85.5,0.1,0.2
1535,Mike Vasil,678024,FF,26,93.0,-0.6,1.1
1536,Mike Vasil,678024,SI,60,93.1,-1.2,0.5
1537,Mike Vasil,678024,ST,52,81.2,1.4,-0.3
1538,Miles Mikolas,571945,CH,48,85.4,-1.3,0.4
1539,Miles Mikolas,571945,CU,52,75.0,0.9,-1.3
1540,Miles Mikolas,571945,FF,98,91.7,-0.6,1.2
1541,Miles Mikolas,571945,PO,1,86.9,-0.3,1.4
1542,Miles Mikolas,571945,SI,73,91.6,-1.3,0.8
1543,Miles Mikolas,571945,SL,117,86.6,0.3,0.6
1544,Miles Mikolas,571945,ST,13,80.2,1.2,-0.2
1545,Mitch Keller,656605,CH,52,88.7,-1.2,0.1
1546,Mitch Keller,656605,CU,41,77.5,1.1,-1.2
1547,Mitch Keller,656605,FF,182,93.5,-0.7,1.3
1548,Mitch Keller,656605,SI,43,92.2,-1.2,0.8
1549,Mitch Keller,656605,SL,84,86.5,0.5,0.1
1550,Mitch Keller,656605,ST,83,81.4,1.6,-0.0
1551,Mitch Spence,687765,CU,53,81.5,0.9,-1.0
1552,Mitch Spence,687765,FC,188,91.9,0.3,0.5
1553,Mitch Spence,687765,PO,1,85.4,0.2,0.6
1554,Mitch Spence,687765,SI,12,92.4,-0.5,0.6
1555,Mitch Spence,687765,SL,59,84.3,1.2,-0.1
1556,Mitchell Parker,680730,CU,79,81.3,0.0,-0.6
1557,Mitchell Parker,680730,FF,227,92.8,0.4,1.6
1558,Mitchell Parker,680730,FS,86,84.9,0.5,0.8
1559,Mitchell Parker,680730,SL,67,85.2,-0.4,0.2
1560,Nate Pearson,663878,CU,10,82.7,0.8,-0.9
1561,Nate Pearson,663878,FF,85,98.0,-0.6,1.5
1562,Nate Pearson,663878,SI,2,97.4,-1.2,1.1
1563,Nate Pearson,663878,SL,73,89.2,0.5,0.2
1564,Nathan Eovaldi,543135,CU,102,75.5,0.8,-0.7
1565,Nathan Eovaldi,543135,FC,81,90.4,-0.0,1.0
1566,Nathan Eovaldi,543135,FF,134,93.5,-1.2,1.0
1567,Nathan Eovaldi,543135,FS,133,86.7,-1.0,-0.1
1568,Nathan Eovaldi,543135,SL,4,83.8,0.5,0.2
1569,Nathan Wiles,686249,CH,9,85.6,-0.8,0.6
1570,Nathan Wiles,686249,FC,6,86.5,0.2,0.5
1571,Nathan Wiles,686249,FF,9,93.9,-0.5,1.4
1572,Nestor Cortes,641482,CH,20,81.6,1.1,0.5
1573,Nestor Cortes,641482,FC,55,85.8,-0.5,0.7
1574,Nestor Cortes,641482,FF,63,90.3,0.4,1.6
1575,Nestor Cortes,641482,SI,2,90.8,1.1,1.4
1576,Nestor Cortes,641482,ST,10,76.2,-1.2,-0.1
1577,Nick Lodolo,666157,CH,99,87.0,1.5,0.0
1578,Nick Lodolo,666157,CU,122,81.5,-0.8,0.0
1579,Nick Lodolo,666157,FF,135,93.1,1.5,0.8
1580,Nick Lodolo,666157,SI,88,93.2,1.6,0.5
1581,Nick Martinez,607259,CH,88,78.9,-1.0,0.5
1582,Nick Martinez,607259,CU,40,79.5,0.1,-1.4
1583,Nick Martinez,607259,FC,87,88.5,0.3,0.9
1584,Nick Martinez,607259,FF,90,92.9,-0.4,1.5
1585,Nick Martinez,607259,SI,72,92.3,-1.1,1.3
1586,Nick Martinez,607259,SL,53,84.2,-0.0,-0.0
1587,Nick Mears,683232,CU,2,82.1,0.5,-1.1
1588,Nick Mears,683232,FF,83,94.6,-0.3,1.5
1589,Nick Mears,683232,SL,46,85.6,0.2,-0.0
1590,Nick Pivetta,601713,CU,81,79.0,0.5,-1.4
1591,Nick Pivetta,601713,FC,41,88.6,0.5,0.6
1592,Nick Pivetta,601713,FF,211,93.6,-0.2,1.7
1593,Nick Pivetta,601713,SI,16,93.6,-0.7,1.7
1594,Nick Pivetta,601713,ST,79,82.1,1.0,0.4
1595,Nick Sandlin,680704,FF,27,91.6,-1.2,1.0
1596,Nick Sandlin,680704,FS,38,84.1,-1.0,-0.2
1597,Nick Sandlin,680704,PO,1,90.1,-1.1,1.2
1598,Nick Sandlin,680704,SI,17,91.7,-1.5,0.2
1599,Nick Sandlin,680704,SL,76,78.6,1.1,0.6
1600,Nicky Lopez,670032,FF,8,64.3,-0.7,1.4
1601,Noah Davis,663562,FC,4,86.6,0.1,0.5
1602,Noah Davis,663562,SC,4,85.4,-0.7,-0.1
1603,Noah Davis,663562,SI,23,93.6,-1.5,0.5
1604,Noah Davis,663562,ST,25,79.2,1.5,-0.1
1605,Noah Murdock,668716,CH,13,92.5,-0.5,0.5
1606,Noah Murdock,668716,FC,55,89.1,0.3,0.3
1607,Noah Murdock,668716,FF,1,93.3,-0.6,0.5
1608,Noah Murdock,668716,SI,126,94.4,-1.0,0.2
1609,Noah Murdock,668716,ST,53,82.1,1.2,0.2
1610,Omar Cruz,678316,CH,21,82.2,1.0,0.6
1611,Omar Cruz,678316,CU,9,76.6,-0.7,-1.6
1612,Omar Cruz,678316,FF,50,92.7,0.9,1.5
1613,Omar Cruz,678316,SL,1,86.7,-0.1,0.3
1614,Orion Kerkering,689147,FF,42,97.5,-1.0,1.4
1615,Orion Kerkering,689147,SI,22,96.2,-1.4,0.8
1616,Orion Kerkering,689147,ST,100,86.3,1.2,0.2
1617,Orlando Ribalta,687377,CH,29,84.1,-0.6,1.0
1618,Orlando Ribalta,687377,FF,40,95.7,-0.6,1.5
1619,Orlando Ribalta,687377,SI,37,94.6,-1.3,0.8
1620,Orlando Ribalta,687377,SL,36,86.2,0.3,0.1
1621,Osvaldo Bido,674370,CH,29,88.3,-1.4,0.8
1622,Osvaldo Bido,674370,FC,60,86.3,-0.0,0.5
1623,Osvaldo Bido,674370,FF,199,93.8,-0.9,1.3
1624,Osvaldo Bido,674370,PO,2,92.8,-0.7,1.1
1625,Osvaldo Bido,674370,SI,37,94.2,-1.4,0.9
1626,Osvaldo Bido,674370,SL,105,85.1,0.4,0.4
1627,Pablo Lopez,641154,CH,64,87.0,-1.2,0.2
1628,Pablo Lopez,641154,CU,29,82.3,0.6,-1.0
1629,Pablo Lopez,641154,FF,152,94.7,-0.5,1.2
1630,Pablo Lopez,641154,SI,31,93.5,-1.3,0.6
1631,Pablo Lopez,641154,ST,88,85.0,1.0,0.0
1632,Patrick Corbin,571578,CH,17,79.3,0.8,0.6
1633,Patrick Corbin,571578,CU,4,65.8,-0.2,-0.3
1634,Patrick Corbin,571578,FC,61,86.4,-0.1,0.4
1635,Patrick Corbin,571578,FF,27,91.3,0.6,1.3
1636,Patrick Corbin,571578,SI,52,91.1,1.2,1.0
1637,Patrick Corbin,571578,SL,83,79.4,-0.2,-0.0
1638,Patrick Monteverde,687287,CH,9,82.7,1.3,0.4
1639,Patrick Monteverde,687287,CU,12,76.7,-1.0,-0.9
1640,Patrick Monteverde,687287,FC,39,86.4,-0.4,0.7
1641,Patrick Monteverde,687287,FF,13,90.3,0.4,1.2
1642,Patrick Monteverde,687287,SI,11,89.8,1.2,1.0
1643,Patrick Monteverde,687287,SL,3,80.9,-0.9,0.1
1644,Paul Sewald,623149,FF,97,90.2,-1.0,1.2
1645,Paul Sewald,623149,ST,68,82.3,0.9,0.6
1646,Paul Skenes,694973,CH,43,87.8,-1.5,0.3
1647,Paul Skenes,694973,CU,32,83.3,0.6,-0.2
1648,Paul Skenes,694973,FF,231,98.0,-1.3,0.9
1649,Paul Skenes,694973,FS,155,93.8,-1.2,0.0
1650,Paul Skenes,694973,SI,28,96.9,-1.6,0.4
1651,Paul Skenes,694973,SL,42,84.9,0.3,0.6
1652,Paul Skenes,694973,ST,73,84.2,1.0,0.5
1653,Paxton Schultz,687606,CH,16,86.6,-0.3,0.3
1654,Paxton Schultz,687606,FC,11,88.8,0.3,1.0
1655,Paxton Schultz,687606,FF,28,93.8,-0.6,1.5
1656,Paxton Schultz,687606,SL,9,86.2,0.4,0.5
1657,Penn Murfee,682171,CH,2,85.1,-0.8,-0.7
1658,Penn Murfee,682171,FF,70,88.2,-0.2,0.5
1659,Penn Murfee,682171,SI,26,88.3,-0.9,-0.0
1660,Penn Murfee,682171,ST,97,78.6,1.5,0.1
1661,Pete Fairbanks,664126,CH,11,93.9,-0.8,0.8
1662,Pete Fairbanks,664126,FF,97,97.0,0.1,1.5
1663,Pete Fairbanks,664126,SL,60,85.0,0.5,-0.5
1664,Phil Maton,664208,CU,60,76.0,1.7,-0.7
1665,Phil Maton,664208,FC,76,91.0,0.1,1.2
1666,Phil Maton,664208,SI,44,89.6,-1.3,0.5
1667,Phil Maton,664208,ST,23,81.9,1.3,0.6
1668,Pierce Johnson,572955,CU,115,85.6,0.7,-0.4
1669,Pierce Johnson,572955,FC,16,91.9,-0.1,0.7
1670,Pierce Johnson,572955,FF,38,94.9,-1.0,1.3
1671,Porter Hodge,687863,FF,101,95.8,0.0,1.2
1672,Porter Hodge,687863,FS,1,90.2,-0.2,-0.1
1673,Porter Hodge,687863,ST,108,83.8,1.4,0.0
1674,Quinn Priester,682990,CH,23,89.2,-1.0,0.4
1675,Quinn Priester,682990,CU,10,81.2,0.4,-0.8
1676,Quinn Priester,682990,FC,57,92.7,-0.0,1.0
1677,Quinn Priester,682990,FF,4,93.0,-0.4,0.8
1678,Quinn Priester,682990,SI,83,93.6,-1.1,0.5
1679,Quinn Priester,682990,SL,60,85.9,0.4,0.0
1680,Rafael Montero,606160,FF,94,94.7,-0.8,1.3
1681,Rafael Montero,606160,FS,86,87.2,-1.1,0.1
1682,Rafael Montero,606160,SI,7,93.3,-1.4,0.7
1683,Rafael Montero,606160,SL,13,85.6,0.6,0.3
1684,Raisel Iglesias,628452,CH,38,88.9,-1.3,0.4
1685,Raisel Iglesias,628452,FF,40,94.4,-0.7,1.3
1686,Raisel Iglesias,628452,SI,31,94.9,-1.4,0.8
1687,Raisel Iglesias,628452,SL,27,83.2,0.9,0.3
1688,Randy Dobnak,677976,CH,19,84.9,-0.8,-0.5
1689,Randy Dobnak,677976,FF,20,92.2,-1.3,0.5
1690,Randy Dobnak,677976,SI,18,92.0,-1.4,0.1
1691,Randy Dobnak,677976,SL,22,82.2,0.6,-0.3
1692,Randy Rodriguez,678495,FF,73,97.3,-0.6,1.5
1693,Randy Rodriguez,678495,SL,66,85.3,0.6,-0.1
1694,Randy Vasquez,681190,CH,24,87.2,-1.5,0.3
1695,Randy Vasquez,681190,CU,56,80.2,1.2,-0.6
1696,Randy Vasquez,681190,FC,112,90.0,0.2,0.8
1697,Randy Vasquez,681190,FF,61,92.6,-0.5,1.3
1698,Randy Vasquez,681190,SI,49,92.6,-1.3,0.9
1699,Randy Vasquez,681190,ST,81,82.0,1.1,0.3
1700,Randy Wynne,691094,CH,6,80.6,-1.1,0.8
1701,Randy Wynne,691094,CU,5,75.5,0.8,-0.9
1702,Randy Wynne,691094,FC,9,86.5,-0.0,0.9
1703,Randy Wynne,691094,SI,24,90.5,-1.3,1.3
1704,Randy Wynne,691094,SL,3,80.8,0.7,0.2
1705,Reed Garrett,657585,FC,60,91.6,0.3,0.6
1706,Reed Garrett,657585,FF,7,96.0,-0.7,1.3
1707,Reed Garrett,657585,FS,34,88.6,-1.1,0.1
1708,Reed Garrett,657585,SI,36,96.3,-1.5,0.7
1709,Reed Garrett,657585,ST,28,86.2,1.1,0.2
1710,Reese Olson,681857,CH,117,87.7,-1.2,-0.0
1711,Reese Olson,681857,CU,19,79.7,0.5,-0.9
1712,Reese Olson,681857,FF,65,94.8,-0.8,1.3
1713,Reese Olson,681857,SI,130,94.7,-1.3,0.9
1714,Reese Olson,681857,SL,118,84.5,0.4,-0.3
1715,Reid Detmers,672282,CH,1,85.3,1.1,0.9
1716,Reid Detmers,672282,CS,1,73.1,-1.0,-1.2
1717,Reid Detmers,672282,CU,50,72.0,-0.9,-1.3
1718,Reid Detmers,672282,FF,106,94.2,0.7,1.5
1719,Reid Detmers,672282,FS,2,87.9,-0.5,0.1
1720,Reid Detmers,672282,PO,1,83.5,0.8,1.5
1721,Reid Detmers,672282,SL,39,87.7,-0.2,0.0
1722,Reynaldo Lopez,625643,CH,2,86.1,-1.1,0.8
1723,Reynaldo Lopez,625643,CU,12,73.9,0.7,-1.0
1724,Reynaldo Lopez,625643,FF,49,95.6,-0.6,1.5
1725,Reynaldo Lopez,625643,SL,31,84.2,0.6,-0.1
1726,Richard Fitts,690916,CH,10,89.2,-0.9,0.3
1727,Richard Fitts,690916,CU,27,82.6,0.5,-0.9
1728,Richard Fitts,690916,FF,90,94.7,-0.1,1.4
1729,Richard Fitts,690916,SI,26,94.2,-1.0,1.2
1730,Richard Fitts,690916,SL,56,87.4,0.3,0.1
1731,Richard Fitts,690916,ST,40,85.0,1.0,0.1
1732,Richard Lovelady,663992,FF,8,91.7,0.6,1.1
1733,Richard Lovelady,663992,SI,20,91.4,1.3,0.4
1734,Richard Lovelady,663992,SL,10,86.5,-0.3,0.6
1735,Richard Lovelady,663992,ST,8,83.8,-1.2,0.3
1736,Robbie Ray,592662,CH,58,85.1,0.8,1.0
1737,Robbie Ray,592662,CU,24,81.4,-0.2,-0.4
1738,Robbie Ray,592662,FF,251,93.6,0.6,1.6
1739,Robbie Ray,592662,SL,116,87.8,-0.0,0.8
1740,Robert Garcia,676395,CH,63,88.4,1.3,0.1
1741,Robert Garcia,676395,FF,59,93.6,0.8,1.1
1742,Robert Garcia,676395,SL,50,86.2,-0.3,0.2
1743,Robert Stock,476594,CH,3,79.4,-1.4,0.0
1744,Robert Stock,476594,FC,12,88.4,-0.1,0.6
1745,Robert Stock,476594,FF,2,92.4,-0.9,1.3
1746,Robert Stock,476594,SI,11,92.8,-1.6,-0.1
1747,Robert Stock,476594,ST,1,80.3,1.9,0.5
1748,Robert Suarez,663158,CH,48,89.5,-1.5,0.6
1749,Robert Suarez,663158,FF,83,98.4,-0.6,1.5
1750,Robert Suarez,663158,SI,23,98.2,-1.1,1.4
1751,Roddery Munoz,682610,FC,16,91.4,0.1,0.6
1752,Roddery Munoz,682610,FF,3,96.2,-0.7,1.1
1753,Roddery Munoz,682610,SI,19,95.0,-1.4,0.6
1754,Roddery Munoz,682610,SL,11,87.5,0.3,-0.4
1755,Roki Sasaki,808963,FF,182,96.5,-0.9,1.2
1756,Roki Sasaki,808963,FS,105,85.0,-0.1,-0.4
1757,Roki Sasaki,808963,SL,57,82.3,0.9,-0.2
1758,Ronel Blanco,669854,CH,54,84.7,-1.2,0.6
1759,Ronel Blanco,669854,CU,86,80.6,0.9,-0.1
1760,Ronel Blanco,669854,FF,166,93.4,-0.5,1.6
1761,Ronel Blanco,669854,SL,112,85.6,0.3,0.5
1762,Ronny Henriquez,678692,CH,36,90.9,-1.5,0.5
1763,Ronny Henriquez,678692,FF,55,95.5,-0.7,1.6
1764,Ronny Henriquez,678692,SI,9,94.0,-1.6,0.8
1765,Ronny Henriquez,678692,SL,55,87.6,0.2,0.4
1766,Ronny Henriquez,678692,ST,62,84.6,1.1,0.1
1767,Ryan Borucki,621366,FS,30,83.4,1.2,0.0
1768,Ryan Borucki,621366,SI,39,93.4,1.6,0.7
1769,Ryan Borucki,621366,SL,62,85.2,-0.1,0.2
1770,Ryan Borucki,621366,ST,28,80.9,-1.1,0.1
1771,Ryan Brasier,518489,FC,5,88.8,0.0,1.0
1772,Ryan Brasier,518489,FF,9,93.1,-0.7,1.4
1773,Ryan Brasier,518489,SI,3,93.4,-1.3,1.0
1774,Ryan Brasier,518489,SL,13,85.2,0.4,0.4
1775,Ryan Feltner,663372,CH,78,84.9,-0.4,0.4
1776,Ryan Feltner,663372,CU,25,78.7,0.9,-1.0
1777,Ryan Feltner,663372,FF,165,93.6,-0.3,0.9
1778,Ryan Feltner,663372,SI,41,93.8,-1.0,0.6
1779,Ryan Feltner,663372,SL,66,87.8,0.5,0.4
1780,Ryan Feltner,663372,ST,52,81.5,1.2,-0.1
1781,Ryan Fernandez,681676,CH,1,89.7,-1.5,0.5
1782,Ryan Fernandez,681676,FC,15,91.4,0.1,0.8
1783,Ryan Fernandez,681676,FF,71,95.8,-0.7,1.4
1784,Ryan Fernandez,681676,SL,71,85.9,0.2,-0.1
1785,Ryan Gusto,687473,CH,31,87.9,-1.3,0.8
1786,Ryan Gusto,687473,CU,28,79.9,0.6,-1.2
1787,Ryan Gusto,687473,FC,31,89.1,0.4,0.6
1788,Ryan Gusto,687473,FF,185,94.0,-0.5,1.6
1789,Ryan Gusto,687473,SI,17,93.7,-1.4,1.0
1790,Ryan Gusto,687473,ST,39,81.7,1.1,0.3
1791,Ryan Helsley,664854,CU,8,80.6,0.2,-1.2
1792,Ryan Helsley,664854,FC,9,94.0,0.4,1.0
1793,Ryan Helsley,664854,FF,69,98.6,-0.1,1.4
1794,Ryan Helsley,664854,SL,64,89.3,0.4,0.1
1795,Ryan Johnson,696270,FC,89,90.8,0.4,0.5
1796,Ryan Johnson,696270,FF,5,94.2,-0.3,0.8
1797,Ryan Johnson,696270,FS,13,87.5,-0.6,0.2
1798,Ryan Johnson,696270,SI,33,94.1,-0.8,0.3
1799,Ryan Johnson,696270,ST,24,83.0,0.9,0.5
1800,Ryan Pepiot,686752,CH,126,85.6,-1.2,0.1
1801,Ryan Pepiot,686752,CU,16,80.7,1.2,-0.9
1802,Ryan Pepiot,686752,FC,52,92.3,0.1,1.3
1803,Ryan Pepiot,686752,FF,182,94.9,-0.6,1.6
1804,Ryan Pepiot,686752,SL,86,88.8,0.5,0.6
1805,Ryan Pressly,519151,CH,11,89.0,-0.8,0.5
1806,Ryan Pressly,519151,CU,47,81.4,1.4,-1.0
1807,Ryan Pressly,519151,FF,57,93.3,0.1,1.4
1808,Ryan Pressly,519151,SI,9,93.3,-1.0,0.8
1809,Ryan Pressly,519151,SL,49,88.7,0.4,0.2
1810,Ryan Thompson,657044,FF,7,91.4,-0.9,0.6
1811,Ryan Thompson,657044,SI,50,89.9,-1.1,-0.5
1812,Ryan Thompson,657044,SL,101,78.1,1.2,0.8
1813,Ryan Walker,676254,SI,112,95.5,-1.5,0.3
1814,Ryan Walker,676254,SL,64,83.3,1.3,0.1
1815,Ryan Yarbrough,642232,CH,39,77.6,1.2,-0.1
1816,Ryan Yarbrough,642232,FC,34,83.7,-0.0,0.7
1817,Ryan Yarbrough,642232,FF,20,87.6,1.2,1.0
1818,Ryan Yarbrough,642232,SI,64,87.6,1.4,0.6
1819,Ryan Yarbrough,642232,ST,61,72.4,-1.0,0.6
1820,Ryan Zeferjahn,666171,FC,79,89.2,0.5,0.1
1821,Ryan Zeferjahn,666171,FF,37,97.8,-0.5,1.3
1822,Ryan Zeferjahn,666171,ST,27,83.2,1.3,-0.0
1823,Ryne Nelson,669194,CH,14,85.2,-1.3,0.9
1824,Ryne Nelson,669194,CU,16,79.9,0.9,-0.7
1825,Ryne Nelson,669194,FC,51,90.4,0.3,0.5
1826,Ryne Nelson,669194,FF,135,95.7,-0.3,1.6
1827,Ryne Nelson,669194,SL,24,84.6,0.5,-0.4
1828,Ryne Stanek,592773,FF,111,98.0,-0.7,1.6
1829,Ryne Stanek,592773,FS,10,90.0,-1.1,0.6
1830,Ryne Stanek,592773,SI,1,91.7,-1.3,0.8
1831,Ryne Stanek,592773,SL,55,88.3,0.3,0.1
1832,Sam Long,669674,CU,16,77.5,-0.3,-1.2
1833,Sam Long,669674,FF,60,93.5,0.5,1.4
1834,Sam Long,669674,FS,12,86.6,0.9,0.4
1835,Sam Long,669674,SI,6,93.5,1.2,1.1
1836,Sam Long,669674,SL,65,85.0,-0.2,0.2
1837,Sam Moll,594580,CH,5,83.6,1.1,-0.6
1838,Sam Moll,594580,FF,18,91.1,0.9,1.0
1839,Sam Moll,594580,SI,14,89.9,1.5,-0.1
1840,Sam Moll,594580,ST,15,79.8,-1.3,-0.1
1841,Sandy Alcantara,645261,CH,104,90.3,-1.6,0.4
1842,Sandy Alcantara,645261,CU,41,86.0,0.2,-0.1
1843,Sandy Alcantara,645261,FF,92,97.4,-1.3,1.1
1844,Sandy Alcantara,645261,SI,104,96.8,-1.6,0.7
1845,Sandy Alcantara,645261,SL,70,88.8,-0.0,0.3
1846,Sauryn Lao,666659,CH,2,86.8,-1.3,0.0
1847,Sauryn Lao,666659,FF,17,90.7,-0.2,0.9
1848,Sauryn Lao,666659,SI,1,91.1,-0.9,0.6
1849,Sauryn Lao,666659,SL,17,84.7,0.4,0.4
1850,Scott Alexander,518397,CH,18,82.9,0.7,0.2
1851,Scott Alexander,518397,SI,76,91.0,1.1,0.3
1852,Scott Alexander,518397,SL,27,82.6,-0.3,-0.2
1853,Scott Barlow,605130,CU,11,78.7,1.5,-0.8
1854,Scott Barlow,605130,FF,33,93.0,-0.2,1.0
1855,Scott Barlow,605130,SI,16,93.5,-1.1,0.7
1856,Scott Barlow,605130,SL,46,84.6,0.7,0.0
1857,Scott Barlow,605130,ST,61,82.1,1.2,0.4
1858,Scott Blewett,656240,FF,64,93.4,-0.4,1.3
1859,Scott Blewett,656240,FS,41,84.9,-0.6,0.3
1860,Scott Blewett,656240,SL,82,83.8,0.2,0.0
1861,Sean Burke,680732,CH,34,85.9,-1.3,0.9
1862,Sean Burke,680732,CU,93,78.5,0.6,-1.3
1863,Sean Burke,680732,FF,182,94.1,-0.3,1.6
1864,Sean Burke,680732,SI,29,93.2,-1.1,1.4
1865,Sean Burke,680732,SL,140,85.9,0.5,0.3
1866,Sean Newcomb,656794,CH,44,84.9,1.1,0.4
1867,Sean Newcomb,656794,CU,28,78.5,-1.1,-1.2
1868,Sean Newcomb,656794,FC,98,89.0,-0.0,0.8
1869,Sean Newcomb,656794,FF,136,92.6,0.8,1.3
1870,Sean Newcomb,656794,SI,53,91.9,1.4,0.4
1871,Sean Newcomb,656794,SV,61,81.2,-1.5,-0.5
1872,Seranthony Dominguez,622554,CU,14,83.4,0.7,-0.9
1873,Seranthony Dominguez,622554,FF,63,97.4,-0.4,1.3
1874,Seranthony Dominguez,622554,FS,4,87.7,-0.8,0.7
1875,Seranthony Dominguez,622554,SI,18,97.6,-1.2,0.8
1876,Seranthony Dominguez,622554,ST,35,87.1,0.8,0.5
1877,Seth Halvorsen,678020,FF,34,99.5,-0.7,1.1
1878,Seth Halvorsen,678020,FS,65,91.3,-1.1,0.3
1879,Seth Halvorsen,678020,SI,27,99.7,-1.0,1.2
1880,Seth Halvorsen,678020,SL,29,91.3,0.1,0.3
1881,Seth Lugo,607625,CH,41,87.1,-1.3,0.4
1882,Seth Lugo,607625,CS,27,72.4,1.6,-0.4
1883,Seth Lugo,607625,CU,94,79.0,1.2,-1.2
1884,Seth Lugo,607625,FC,63,88.9,0.2,0.9
1885,Seth Lugo,607625,FF,148,92.1,-0.6,1.3
1886,Seth Lugo,607625,FS,29,85.6,-1.0,0.4
1887,Seth Lugo,607625,SI,77,91.5,-1.3,0.7
1888,Seth Lugo,607625,SL,30,85.6,0.4,0.3
1889,Seth Lugo,607625,ST,9,79.5,0.9,-0.2
1890,Seth Lugo,607625,SV,59,78.7,1.4,-0.5
1891,Shane Baz,669358,CH,53,89.2,-1.5,0.7
1892,Shane Baz,669358,CU,120,83.6,0.7,-1.2
1893,Shane Baz,669358,FF,165,96.8,-0.9,1.4
1894,Shane Baz,669358,SL,35,86.3,0.3,0.1
1895,Shane Smith,681343,CH,91,90.0,-1.2,0.1
1896,Shane Smith,681343,CU,30,81.7,0.8,-1.1
1897,Shane Smith,681343,FF,169,94.8,-0.4,1.1
1898,Shane Smith,681343,SI,18,94.6,-1.4,0.8
1899,Shane Smith,681343,SL,82,88.4,0.3,0.2
1900,Shawn Armstrong,542888,FC,46,91.0,0.3,0.9
1901,Shawn Armstrong,542888,FF,47,93.0,-0.4,1.4
1902,Shawn Armstrong,542888,SI,42,93.7,-1.3,1.0
1903,Shawn Armstrong,542888,ST,29,85.1,0.9,0.9
1904,Shelby Miller,571946,FF,93,94.5,-0.9,1.5
1905,Shelby Miller,571946,FS,42,87.0,-1.3,0.5
1906,Shelby Miller,571946,SL,1,89.0,0.2,1.2
1907,Shelby Miller,571946,ST,12,82.7,1.2,0.1
1908,Shota Imanaga,684007,CH,1,82.3,0.4,0.6
1909,Shota Imanaga,684007,CU,16,72.2,-0.8,-1.1
1910,Shota Imanaga,684007,FF,256,91.1,1.0,1.6
1911,Shota Imanaga,684007,FS,183,82.7,1.1,0.5
1912,Shota Imanaga,684007,SI,3,88.6,1.3,0.8
1913,Shota Imanaga,684007,SL,3,81.3,-0.1,0.6
1914,Shota Imanaga,684007,ST,59,80.3,-1.0,0.3
1915,Simeon Woods Richardson,680573,CH,50,82.9,-1.3,0.9
1916,Simeon Woods Richardson,680573,CU,38,77.2,0.5,-1.2
1917,Simeon Woods Richardson,680573,FF,162,93.0,-0.4,1.6
1918,Simeon Woods Richardson,680573,SL,102,85.8,0.4,0.6
1919,Sonny Gray,543243,CH,29,86.5,-1.2,0.5
1920,Sonny Gray,543243,CU,69,79.7,1.2,-1.3
1921,Sonny Gray,543243,FC,47,87.3,0.4,0.3
1922,Sonny Gray,543243,FF,84,91.6,0.1,1.0
1923,Sonny Gray,543243,SI,100,91.8,-0.8,0.8
1924,Sonny Gray,543243,ST,101,84.5,1.4,-0.4
1925,Spencer Arrighetti,681293,CH,17,84.8,-1.3,0.2
1926,Spencer Arrighetti,681293,CU,27,78.0,1.4,-0.7
1927,Spencer Arrighetti,681293,FC,30,88.1,0.2,0.8
1928,Spencer Arrighetti,681293,FF,63,93.7,-1.1,1.3
1929,Spencer Arrighetti,681293,SI,2,93.2,-1.5,0.8
1930,Spencer Arrighetti,681293,ST,18,80.0,1.2,0.1
1931,Spencer Bivens,702352,CH,30,88.0,-1.2,0.2
1932,Spencer Bivens,702352,FC,64,90.0,0.1,0.8
1933,Spencer Bivens,702352,SI,76,93.6,-1.4,0.5
1934,Spencer Bivens,702352,SL,2,87.8,0.5,0.4
1935,Spencer Bivens,702352,ST,5,82.4,1.2,0.2
1936,Spencer Bivens,702352,SV,15,79.9,0.5,-0.4
1937,Spencer Schwellenbach,680885,CU,50,80.5,0.7,-0.6
1938,Spencer Schwellenbach,680885,FC,45,93.6,0.1,0.9
1939,Spencer Schwellenbach,680885,FF,151,96.7,-0.5,1.3
1940,Spencer Schwellenbach,680885,FS,60,84.4,-0.7,0.1
1941,Spencer Schwellenbach,680885,SI,57,95.5,-1.3,0.7
1942,Spencer Schwellenbach,680885,SL,85,86.9,0.2,-0.3
1943,Spencer Strider,675911,CH,6,84.9,-1.2,0.5
1944,Spencer Strider,675911,CU,4,80.1,0.7,-0.5
1945,Spencer Strider,675911,FF,58,95.4,-0.8,1.5
1946,Spencer Strider,675911,SL,29,84.1,0.6,0.2
1947,Steven Cruz,674444,FC,11,93.2,-0.1,0.9
1948,Steven Cruz,674444,FF,36,97.8,-0.8,1.3
1949,Steven Cruz,674444,SL,29,89.3,0.4,0.4
1950,Steven Matz,571927,CH,63,83.6,1.3,0.0
1951,Steven Matz,571927,CU,39,78.9,-0.9,-0.8
1952,Steven Matz,571927,SI,179,93.9,1.3,0.9
1953,Steven Matz,571927,SL,6,87.6,0.1,0.4
1954,Steven Okert,595345,FF,82,92.2,0.7,1.4
1955,Steven Okert,595345,SL,81,80.3,-0.7,0.6
1956,Steven Wilson,621051,CH,12,84.4,-1.0,0.6
1957,Steven Wilson,621051,FF,19,93.5,-0.6,1.6
1958,Steven Wilson,621051,ST,39,82.0,1.2,0.2
1959,T.J. McFarland,519008,CH,9,80.9,1.3,-0.1
1960,T.J. McFarland,519008,FF,3,87.3,1.1,0.5
1961,T.J. McFarland,519008,SI,56,87.9,1.5,-0.1
1962,T.J. McFarland,519008,ST,46,78.1,-1.3,-0.1
1963,Taijuan Walker,592836,CU,28,75.4,0.6,-0.9
1964,Taijuan Walker,592836,FC,103,86.6,0.2,1.1
1965,Taijuan Walker,592836,FF,53,92.2,-0.8,1.5
1966,Taijuan Walker,592836,FS,98,87.2,-1.2,0.4
1967,Taijuan Walker,592836,SI,73,92.0,-1.3,1.1
1968,Taijuan Walker,592836,SL,54,84.2,0.5,0.4
1969,Taj Bradley,671737,CU,68,81.8,0.3,-1.3
1970,Taj Bradley,671737,FC,100,89.8,0.3,0.3
1971,Taj Bradley,671737,FF,178,96.7,-0.6,1.5
1972,Taj Bradley,671737,FS,100,91.9,-1.1,0.6
1973,Tanner Banks,621383,CH,21,81.6,0.8,0.2
1974,Tanner Banks,621383,FF,50,91.8,0.2,1.2
1975,Tanner Banks,621383,SI,20,91.7,1.1,0.8
1976,Tanner Banks,621383,SL,66,86.7,-0.4,0.4
1977,Tanner Banks,621383,ST,44,80.5,-1.2,0.2
1978,Tanner Bibee,676440,CH,67,81.5,-1.3,0.9
1979,Tanner Bibee,676440,CU,7,80.3,0.9,-0.5
1980,Tanner Bibee,676440,FC,91,85.7,0.7,0.4
1981,Tanner Bibee,676440,FF,178,94.4,-0.5,1.2
1982,Tanner Bibee,676440,SI,62,93.7,-1.3,0.7
1983,Tanner Bibee,676440,ST,69,82.5,1.4,0.0
1984,Tanner Houck,656557,FF,27,94.9,-0.9,0.8
1985,Tanner Houck,656557,FS,99,89.4,-1.1,-0.3
1986,Tanner Houck,656557,SI,137,93.9,-1.5,0.1
1987,Tanner Houck,656557,ST,148,83.3,1.2,-0.2
1988,Tanner Scott,656945,FF,100,95.8,0.5,1.4
1989,Tanner Scott,656945,SL,62,87.4,-0.6,-0.1
1990,Tarik Skubal,669373,CH,142,87.9,1.4,0.6
1991,Tarik Skubal,669373,CU,8,79.2,-0.6,-0.5
1992,Tarik Skubal,669373,FF,139,97.1,0.4,1.5
1993,Tarik Skubal,669373,SI,93,97.3,1.2,1.2
1994,Tarik Skubal,669373,SL,60,89.5,-0.2,0.5
1995,Tayler Saucedo,642048,CH,15,84.8,1.6,0.3
1996,Tayler Saucedo,642048,FF,2,90.1,0.6,1.3
1997,Tayler Saucedo,642048,SI,35,89.8,1.4,0.3
1998,Tayler Saucedo,642048,SL,6,80.9,-0.4,0.3
1999,Tayler Saucedo,642048,ST,14,79.7,-0.8,0.2
2000,Tayler Scott,605463,FF,81,92.2,-1.3,0.9
2001,Tayler Scott,605463,FS,42,84.9,-0.7,-0.4
2002,Tayler Scott,605463,SI,4,92.6,-1.5,0.4
2003,Tayler Scott,605463,SL,31,82.9,1.1,-0.1
2004,Taylor Rogers,573124,SI,76,92.5,1.5,0.6
2005,Taylor Rogers,573124,ST,69,78.2,-1.4,0.1
2006,Thomas Harrington,802419,FC,10,87.3,0.3,0.8
2007,Thomas Harrington,802419,FF,65,91.9,-0.9,1.3
2008,Thomas Harrington,802419,FS,39,83.7,-0.9,0.2
2009,Thomas Harrington,802419,ST,36,81.0,1.2,0.4
2010,Tim Herrin,682120,CU,54,81.6,-0.9,-0.3
2011,Tim Herrin,682120,FF,45,94.6,0.8,1.0
2012,Tim Herrin,682120,SI,17,93.4,1.3,0.2
2013,Tim Herrin,682120,SL,24,87.5,-0.0,0.2
2014,Tim Hill,657612,FC,1,86.2,0.4,0.1
2015,Tim Hill,657612,FF,23,89.6,1.5,0.3
2016,Tim Hill,657612,SI,125,88.2,1.3,-0.5
2017,Tim Hill,657612,SL,4,84.0,0.4,0.3
2018,Tim Mayza,641835,FF,4,93.8,0.8,1.2
2019,Tim Mayza,641835,SI,112,93.8,1.4,0.8
2020,Tim Mayza,641835,SL,46,86.9,-0.3,0.1
2021,Tobias Myers,668964,CH,6,80.2,-1.0,1.1
2022,Tobias Myers,668964,FC,12,88.2,0.3,1.1
2023,Tobias Myers,668964,FF,40,92.8,-0.5,1.6
2024,Tobias Myers,668964,SL,24,84.7,0.3,0.3
2025,Tommy Kahnle,592454,CH,107,86.1,-1.0,0.1
2026,Tommy Kahnle,592454,FF,19,93.4,-0.6,1.4
2027,Tommy Kahnle,592454,SI,1,90.6,-1.1,1.3
2028,Tomoyuki Sugano,608372,CU,54,77.5,0.7,-1.0
2029,Tomoyuki Sugano,608372,FC,66,87.2,0.1,0.5
2030,Tomoyuki Sugano,608372,FF,65,92.1,-0.6,1.4
2031,Tomoyuki Sugano,608372,FS,103,86.8,-1.1,0.7
2032,Tomoyuki Sugano,608372,SI,56,92.0,-1.2,1.0
2033,Tomoyuki Sugano,608372,ST,72,82.3,0.9,0.3
2034,Tony Santillan,663574,FF,132,96.0,-1.0,1.1
2035,Tony Santillan,663574,SL,67,86.0,0.7,0.0
2036,Trent Thornton,663423,CH,3,87.4,-0.9,0.3
2037,Trent Thornton,663423,CU,19,81.3,0.8,-1.2
2038,Trent Thornton,663423,FC,21,90.0,0.3,0.4
2039,Trent Thornton,663423,FF,59,94.5,-0.4,1.4
2040,Trent Thornton,663423,SI,8,94.3,-0.9,0.7
2041,Trent Thornton,663423,SL,19,88.1,0.4,0.1
2042,Trent Thornton,663423,ST,32,80.5,1.4,0.1
2043,Trevor Megill,656730,CU,33,86.3,0.3,-0.6
2044,Trevor Megill,656730,FF,77,97.8,-0.3,1.6
2045,Trevor Williams,592866,CH,70,81.3,-1.2,0.0
2046,Trevor Williams,592866,FF,140,87.3,-0.2,0.8
2047,Trevor Williams,592866,SI,59,86.7,-1.2,0.4
2048,Trevor Williams,592866,SL,51,80.4,0.5,0.3
2049,Trevor Williams,592866,ST,130,76.5,0.9,0.6
2050,Triston McKenzie,663474,CU,16,79.5,0.7,-0.7
2051,Triston McKenzie,663474,FF,99,93.7,-0.3,1.7
2052,Triston McKenzie,663474,SL,8,86.0,0.2,0.5
2053,Troy Taylor,700187,FF,10,96.2,-1.1,1.3
2054,Troy Taylor,700187,ST,3,84.4,1.3,-0.5
2055,Tyler Alexander,641302,CH,50,82.5,1.3,0.3
2056,Tyler Alexander,641302,FC,119,86.0,-0.1,0.7
2057,Tyler Alexander,641302,FF,110,90.0,0.7,1.3
2058,Tyler Alexander,641302,SI,66,89.6,1.4,0.7
2059,Tyler Alexander,641302,ST,39,79.3,-1.0,0.3
2060,Tyler Anderson,542881,CH,155,77.8,1.0,1.1
2061,Tyler Anderson,542881,CU,3,69.3,-0.2,-0.9
2062,Tyler Anderson,542881,FC,89,84.1,-0.2,1.2
2063,Tyler Anderson,542881,FF,192,88.7,0.5,1.7
2064,Tyler Anderson,542881,SI,3,88.6,1.4,0.8
2065,Tyler Anderson,542881,SL,10,77.7,-0.4,0.2
2066,Tyler Ferguson,621053,CH,19,86.9,-1.3,0.1
2067,Tyler Ferguson,621053,FC,23,90.0,0.1,0.6
2068,Tyler Ferguson,621053,FF,70,94.4,-0.8,1.2
2069,Tyler Ferguson,621053,SI,20,93.8,-1.4,0.4
2070,Tyler Ferguson,621053,ST,50,82.8,1.0,0.1
2071,Tyler Gilbert,656457,CU,5,79.6,-0.5,-0.1
2072,Tyler Gilbert,656457,FC,31,86.5,0.1,1.0
2073,Tyler Gilbert,656457,FF,7,89.4,1.0,1.3
2074,Tyler Gilbert,656457,FS,13,81.5,1.2,0.6
2075,Tyler Gilbert,656457,SI,38,89.3,1.5,0.5
2076,Tyler Gilbert,656457,ST,20,80.6,-0.9,-0.0
2077,Tyler Glasnow,607192,CU,64,81.8,0.5,-1.4
2078,Tyler Glasnow,607192,FF,141,95.2,-0.2,1.4
2079,Tyler Glasnow,607192,SI,29,95.2,-1.0,1.2
2080,Tyler Glasnow,607192,SL,55,89.8,0.3,0.3
2081,Tyler Holton,663947,CH,30,84.0,1.3,0.4
2082,Tyler Holton,663947,CU,3,79.7,-1.0,-1.3
2083,Tyler Holton,663947,FC,68,88.2,-0.3,0.8
2084,Tyler Holton,663947,FF,19,90.9,0.5,1.3
2085,Tyler Holton,663947,SI,34,90.9,1.3,0.8
2086,Tyler Holton,663947,ST,31,80.5,-1.3,0.1
2087,Tyler Kinley,641755,CH,3,87.4,-1.1,0.7
2088,Tyler Kinley,641755,CU,37,82.7,0.4,-0.7
2089,Tyler Kinley,641755,FF,65,94.6,-0.2,1.2
2090,Tyler Kinley,641755,SL,109,86.5,0.2,0.2
2091,Tyler Mahle,641816,FC,39,84.6,0.2,0.7
2092,Tyler Mahle,641816,FF,225,91.9,-0.9,1.5
2093,Tyler Mahle,641816,FS,116,83.7,-1.2,0.5
2094,Tyler Mahle,641816,SL,42,83.0,0.3,0.3
2095,Tyler Phillips,663969,CH,4,86.4,-1.1,0.2
2096,Tyler Phillips,663969,CU,38,84.5,0.2,-0.8
2097,Tyler Phillips,663969,FF,25,94.4,-0.5,0.9
2098,Tyler Phillips,663969,FS,34,87.0,-0.9,0.2
2099,Tyler Phillips,663969,SI,49,94.9,-1.6,0.4
2100,Tyler Phillips,663969,ST,41,85.1,0.9,0.2
2101,Tyler Rogers,643511,SI,123,82.7,-0.2,-1.0
2102,Tyler Rogers,643511,SL,51,73.7,0.9,1.3
2103,Tylor Megill,656731,CH,26,88.2,-1.5,0.3
2104,Tylor Megill,656731,CU,13,80.8,1.0,-1.3
2105,Tylor Megill,656731,FF,199,95.3,-0.6,1.5
2106,Tylor Megill,656731,SI,94,94.2,-1.4,0.7
2107,Tylor Megill,656731,SL,104,83.8,0.4,-0.6
2108,Valente Bellozo,678368,CH,16,80.8,-0.6,0.2
2109,Valente Bellozo,678368,CU,7,76.8,1.1,-0.7
2110,Valente Bellozo,678368,FC,52,84.0,0.6,0.8
2111,Valente Bellozo,678368,FF,42,90.0,-0.2,1.5
2112,Valente Bellozo,678368,ST,30,78.1,1.4,0.1
2113,Victor Mederos,682989,CH,5,87.5,-1.5,0.6
2114,Victor Mederos,682989,SI,29,94.7,-1.5,0.8
2115,Victor Mederos,682989,SL,22,88.0,0.3,0.6
2116,Victor Vodnik,680767,CH,42,91.2,-1.1,0.0
2117,Victor Vodnik,680767,FF,84,98.2,-0.4,1.2
2118,Victor Vodnik,680767,SL,32,87.2,0.4,-0.2
2119,Walker Buehler,621111,CH,44,89.6,-1.3,0.6
2120,Walker Buehler,621111,CU,51,77.7,1.0,-1.3
2121,Walker Buehler,621111,FC,98,90.0,0.4,0.9
2122,Walker Buehler,621111,FF,121,93.6,-0.5,1.5
2123,Walker Buehler,621111,SI,65,93.2,-1.3,1.0
2124,Walker Buehler,621111,SL,2,87.5,0.8,0.3
2125,Walker Buehler,621111,ST,60,80.6,1.5,0.1
2126,Wandy Peralta,593974,CH,50,88.9,1.4,0.4
2127,Wandy Peralta,593974,FF,1,94.8,0.9,1.3
2128,Wandy Peralta,593974,SI,50,95.2,1.4,0.9
2129,Wandy Peralta,593974,SL,7,88.3,-0.3,0.5
2130,Will Vest,676684,CH,10,89.9,-1.3,0.5
2131,Will Vest,676684,FF,96,96.6,-0.5,1.4
2132,Will Vest,676684,SI,20,96.3,-1.3,0.9
2133,Will Vest,676684,SL,35,89.3,0.3,0.1
2134,Will Warren,701542,CH,65,86.8,-1.4,0.1
2135,Will Warren,701542,CU,25,80.2,1.0,-0.9
2136,Will Warren,701542,FF,128,93.0,-0.8,1.4
2137,Will Warren,701542,SI,66,92.3,-1.6,0.4
2138,Will Warren,701542,ST,114,82.1,1.6,0.0
2139,Willi Castro,650489,EP,10,37.5,-0.1,1.3
2140,Willi Castro,650489,FF,2,58.3,-0.4,1.2
2141,Xzavion Curry,675540,CU,10,72.4,0.9,-1.1
2142,Xzavion Curry,675540,FF,21,90.5,-0.4,1.6
2143,Xzavion Curry,675540,FS,3,85.6,-1.3,1.2
2144,Xzavion Curry,675540,SL,21,80.2,0.6,0.1
2145,Xzavion Curry,675540,ST,1,80.0,1.0,0.3
2146,Yariel Rodriguez,684320,FF,84,96.1,-0.4,1.2
2147,Yariel Rodriguez,684320,FS,13,90.1,-1.5,0.6
2148,Yariel Rodriguez,684320,SI,22,95.7,-1.4,1.0
2149,Yariel Rodriguez,684320,SL,56,85.5,0.6,0.1
2150,Yennier Cano,666974,CH,44,91.7,-1.5,0.2
2151,Yennier Cano,666974,FC,12,92.1,-0.5,0.3
2152,Yennier Cano,666974,FF,8,95.6,-1.3,0.7
2153,Yennier Cano,666974,SI,31,95.4,-1.5,-0.1
2154,Yennier Cano,666974,SL,21,87.0,0.7,0.1
2155,Yilber Diaz,700270,CU,22,79.3,0.2,-0.8
2156,Yilber Diaz,700270,FF,34,94.6,-0.7,1.4
2157,Yilber Diaz,700270,SL,4,83.2,0.1,-0.3
2158,Yimi Garcia,554340,CH,8,88.8,-1.6,0.3
2159,Yimi Garcia,554340,CU,33,84.7,0.9,-0.1
2160,Yimi Garcia,554340,FF,79,95.8,-0.8,1.3
2161,Yimi Garcia,554340,SI,32,95.3,-1.5,0.6
2162,Yimi Garcia,554340,SL,4,89.9,0.4,0.6
2163,Yimi Garcia,554340,ST,23,85.3,1.3,0.6
2164,Yoendrys Gomez,672782,CH,7,88.2,-0.9,0.7
2165,Yoendrys Gomez,672782,CU,33,79.1,1.3,-0.9
2166,Yoendrys Gomez,672782,FF,88,92.5,-0.3,1.3
2167,Yoendrys Gomez,672782,ST,41,81.1,1.5,0.3
2168,Yoshinobu Yamamoto,808967,CU,103,76.9,1.0,-1.4
2169,Yoshinobu Yamamoto,808967,FC,37,90.9,0.4,0.6
2170,Yoshinobu Yamamoto,808967,FF,203,95.6,-0.6,1.4
2171,Yoshinobu Yamamoto,808967,FS,162,91.3,-1.0,0.2
2172,Yoshinobu Yamamoto,808967,SI,33,95.1,-1.2,1.0
2173,Yoshinobu Yamamoto,808967,SL,16,86.2,0.5,-0.0
2174,Yoshinobu Yamamoto,808967,ST,1,84.2,1.2,-0.7
2175,Yuki Matsui,673513,CU,2,74.8,-0.6,-1.5
2176,Yuki Matsui,673513,FF,80,91.9,0.3,1.7
2177,Yuki Matsui,673513,FS,71,83.5,0.7,0.3
2178,Yuki Matsui,673513,SL,20,86.8,-0.2,0.6
2179,Yuki Matsui,673513,ST,23,80.5,-1.2,-0.2
2180,Yusei Kikuchi,579328,CH,67,84.7,1.1,0.3
2181,Yusei Kikuchi,579328,CU,44,79.7,-0.5,-0.4
2182,Yusei Kikuchi,579328,FF,181,94.3,0.9,1.3
2183,Yusei Kikuchi,579328,SI,3,90.3,1.0,0.7
2184,Yusei Kikuchi,579328,SL,171,86.7,-0.2,0.4
2185,Yusei Kikuchi,579328,ST,10,81.2,-1.0,0.2
2186,Zac Gallen,668678,CH,88,86.7,-1.1,0.4
2187,Zac Gallen,668678,CU,116,81.0,0.5,-1.0
2188,Zac Gallen,668678,FC,22,89.0,0.3,0.9
2189,Zac Gallen,668678,FF,274,93.0,-0.4,1.5
2190,Zac Gallen,668678,SL,74,87.2,0.5,0.3
2191,Zach Agnos,688642,FC,15,92.4,0.1,0.6
2192,Zach Agnos,688642,FF,17,95.6,-0.6,1.2
2193,Zach Agnos,688642,FS,11,86.9,-0.9,0.2
2194,Zach Agnos,688642,ST,3,83.6,0.5,-0.4
2195,Zach Eflin,621107,CH,30,86.2,-1.3,0.2
2196,Zach Eflin,621107,CU,38,77.5,1.0,-0.5
2197,Zach Eflin,621107,FC,69,88.0,0.1,0.7
2198,Zach Eflin,621107,FF,30,91.2,-0.7,1.0
2199,Zach Eflin,621107,SI,40,91.1,-1.4,0.2
2200,Zach Eflin,621107,ST,31,79.2,1.1,0.2
2201,Zach Thompson,605507,CH,8,84.9,-0.7,0.3
2202,Zach Thompson,605507,CU,9,74.1,0.4,-1.1
2203,Zach Thompson,605507,FC,16,85.3,0.3,0.3
2204,Zach Thompson,605507,FF,24,91.2,-0.1,1.2
2205,Zach Thompson,605507,SI,3,90.1,-0.7,0.6
2206,Zack Kelly,677161,CH,21,83.8,-1.6,0.2
2207,Zack Kelly,677161,FC,39,91.8,0.0,0.8
2208,Zack Kelly,677161,FF,54,96.0,-0.9,1.3
2209,Zack Kelly,677161,SI,10,94.4,-1.4,1.1
2210,Zack Kelly,677161,ST,40,82.0,1.3,0.3
2211,Zack Littell,641793,FF,81,91.9,-0.5,1.3
2212,Zack Littell,641793,FS,102,83.0,-0.8,-0.0
2213,Zack Littell,641793,SI,70,91.0,-1.1,1.1
2214,Zack Littell,641793,SL,156,87.1,0.2,0.6
2215,Zack Littell,641793,ST,27,79.6,1.0,-0.4
2216,Zack Wheeler,554430,CU,58,80.8,1.0,-0.9
2217,Zack Wheeler,554430,FC,49,91.7,0.0,0.9
2218,Zack Wheeler,554430,FF,254,95.3,-0.8,1.3
2219,Zack Wheeler,554430,FS,62,86.6,-1.1,0.6
2220,Zack Wheeler,554430,SI,89,94.3,-1.4,0.7
2221,Zack Wheeler,554430,ST,86,83.8,0.9,0.4
2222,Zak Kent,687849,CU,19,81.9,0.7,-1.3
2223,Zak Kent,687849,FF,13,92.8,0.0,0.8
2224,Zak Kent,687849,SI,6,92.7,-0.6,1.0
2225,Zak Kent,687849,SL,22,85.5,0.6,-0.4
